2026-03-07 11:08:50 | INFO | main | Starting pipeline
2026-03-07 11:08:50 | INFO | main | Ensured directory exists: data/raw
2026-03-07 11:08:50 | INFO | main | Ensured directory exists: data/processed
2026-03-07 11:08:50 | INFO | main | Ensured directory exists: models
2026-03-07 11:08:50 | INFO | main | Ensured directory exists: reports
2026-03-07 11:08:50 | INFO | main | Ensured directory exists: logs
2026-03-07 11:08:50 | WARNING | main | Running EXAMPLE config (dummy dataset schema). To use real data, update SETTINGS.
2026-03-07 11:08:50 | INFO | main | Loading raw data from: C:\Users\diego\AppData\Local\Temp\pytest-of-diego\pytest-1\test_main_orchestrates_and_wri0\dataset.csv
2026-03-07 11:08:50 | INFO | main | Raw shape: (8, 3)
2026-03-07 11:08:50 | INFO | main | Cleaning data (target=target)
2026-03-07 11:08:50 | INFO | main | Clean shape: (8, 3)
2026-03-07 11:08:50 | INFO | main | Saving processed data to: C:\Users\diego\AppData\Local\Temp\pytest-of-diego\pytest-1\test_main_orchestrates_and_wri0\clean.csv
2026-03-07 11:08:50 | INFO | main | Validating required columns: ['cat_feature', 'num_feature', 'target']
2026-03-07 11:08:50 | INFO | main | Splitting data into Train/Val/Test (leakage-safe)
2026-03-07 11:08:50 | INFO | main | Split sizes -> train=4, val=2, test=2
2026-03-07 11:08:50 | INFO | main | Running fail-fast feature checks
2026-03-07 11:08:50 | INFO | main | Building feature preprocessor (unfitted)
2026-03-07 11:08:50 | INFO | main | Training model (fit only on TRAIN split)
2026-03-07 11:08:50 | INFO | main | Saving model artifact to: C:\Users\diego\AppData\Local\Temp\pytest-of-diego\pytest-1\test_main_orchestrates_and_wri0\model.pkl
2026-03-07 11:08:50 | ERROR | main | Pipeline failed: Can't get local object 'test_main_orchestrates_and_writes_artifacts.<locals>.train_model.<locals>.DummyModel'
Traceback (most recent call last):
  File "C:\Users\diego\Documents\VS CODE\MLOPS\1-mlops-kickoff-repo\1-mlops-kickoff-repo\src\main.py", line 251, in main
    save_model(model, model_path)
    ~~~~~~~~~~^^^^^^^^^^^^^^^^^^^
  File "C:\Users\diego\Documents\VS CODE\MLOPS\1-mlops-kickoff-repo\1-mlops-kickoff-repo\src\utils.py", line 79, in save_model
    pickle.dump(model, f)
    ~~~~~~~~~~~^^^^^^^^^^
AttributeError: Can't get local object 'test_main_orchestrates_and_writes_artifacts.<locals>.train_model.<locals>.DummyModel'
2026-03-07 11:13:07 | INFO | main | Starting pipeline
2026-03-07 11:13:07 | INFO | main | Ensured directory exists: data/raw
2026-03-07 11:13:07 | INFO | main | Ensured directory exists: data/processed
2026-03-07 11:13:07 | INFO | main | Ensured directory exists: models
2026-03-07 11:13:07 | INFO | main | Ensured directory exists: reports
2026-03-07 11:13:07 | INFO | main | Ensured directory exists: logs
2026-03-07 11:13:07 | WARNING | main | Running EXAMPLE config (dummy dataset schema). To use real data, update SETTINGS.
2026-03-07 11:13:07 | INFO | main | Loading raw data from: C:\Users\diego\AppData\Local\Temp\pytest-of-diego\pytest-2\test_main_orchestrates_and_wri0\dataset.csv
2026-03-07 11:13:07 | INFO | main | Raw shape: (8, 3)
2026-03-07 11:13:07 | INFO | main | Cleaning data (target=target)
2026-03-07 11:13:07 | INFO | main | Clean shape: (8, 3)
2026-03-07 11:13:07 | INFO | main | Saving processed data to: C:\Users\diego\AppData\Local\Temp\pytest-of-diego\pytest-2\test_main_orchestrates_and_wri0\clean.csv
2026-03-07 11:13:07 | INFO | main | Validating required columns: ['cat_feature', 'num_feature', 'target']
2026-03-07 11:13:07 | INFO | main | Splitting data into Train/Val/Test (leakage-safe)
2026-03-07 11:13:07 | INFO | main | Split sizes -> train=4, val=2, test=2
2026-03-07 11:13:07 | INFO | main | Running fail-fast feature checks
2026-03-07 11:13:07 | INFO | main | Building feature preprocessor (unfitted)
2026-03-07 11:13:07 | INFO | main | Training model (fit only on TRAIN split)
2026-03-07 11:13:07 | INFO | main | Saving model artifact to: C:\Users\diego\AppData\Local\Temp\pytest-of-diego\pytest-2\test_main_orchestrates_and_wri0\model.pkl
2026-03-07 11:13:07 | INFO | main | Evaluating on VAL split
2026-03-07 11:13:07 | INFO | main | Validation metric = 0.99
2026-03-07 11:13:07 | INFO | main | Running inference on TEST sample and saving predictions
2026-03-07 11:13:07 | INFO | main | Pipeline complete ✅
2026-03-07 11:13:21 | INFO | main | Starting pipeline
2026-03-07 11:13:21 | INFO | main | Ensured directory exists: data/raw
2026-03-07 11:13:21 | INFO | main | Ensured directory exists: data/processed
2026-03-07 11:13:21 | INFO | main | Ensured directory exists: models
2026-03-07 11:13:21 | INFO | main | Ensured directory exists: reports
2026-03-07 11:13:21 | INFO | main | Ensured directory exists: logs
2026-03-07 11:13:21 | WARNING | main | Running EXAMPLE config (dummy dataset schema). To use real data, update SETTINGS.
2026-03-07 11:13:21 | INFO | main | Loading raw data from: C:\Users\diego\AppData\Local\Temp\pytest-of-diego\pytest-3\test_main_orchestrates_and_wri0\dataset.csv
2026-03-07 11:13:21 | INFO | main | Raw shape: (8, 3)
2026-03-07 11:13:21 | INFO | main | Cleaning data (target=target)
2026-03-07 11:13:21 | INFO | main | Clean shape: (8, 3)
2026-03-07 11:13:21 | INFO | main | Saving processed data to: C:\Users\diego\AppData\Local\Temp\pytest-of-diego\pytest-3\test_main_orchestrates_and_wri0\clean.csv
2026-03-07 11:13:21 | INFO | main | Validating required columns: ['cat_feature', 'num_feature', 'target']
2026-03-07 11:13:21 | INFO | main | Splitting data into Train/Val/Test (leakage-safe)
2026-03-07 11:13:21 | INFO | main | Split sizes -> train=4, val=2, test=2
2026-03-07 11:13:21 | INFO | main | Running fail-fast feature checks
2026-03-07 11:13:21 | INFO | main | Building feature preprocessor (unfitted)
2026-03-07 11:13:21 | INFO | main | Training model (fit only on TRAIN split)
2026-03-07 11:13:21 | INFO | main | Saving model artifact to: C:\Users\diego\AppData\Local\Temp\pytest-of-diego\pytest-3\test_main_orchestrates_and_wri0\model.pkl
2026-03-07 11:13:21 | INFO | main | Evaluating on VAL split
2026-03-07 11:13:21 | INFO | main | Validation metric = 0.99
2026-03-07 11:13:21 | INFO | main | Running inference on TEST sample and saving predictions
2026-03-07 11:13:21 | INFO | main | Pipeline complete ✅
2026-03-07 11:13:37 | INFO | main | Starting pipeline
2026-03-07 11:13:37 | INFO | main | Ensured directory exists: data/raw
2026-03-07 11:13:37 | INFO | main | Ensured directory exists: data/processed
2026-03-07 11:13:37 | INFO | main | Ensured directory exists: models
2026-03-07 11:13:37 | INFO | main | Ensured directory exists: reports
2026-03-07 11:13:37 | INFO | main | Ensured directory exists: logs
2026-03-07 11:13:37 | WARNING | main | Running EXAMPLE config (dummy dataset schema). To use real data, update SETTINGS.
2026-03-07 11:13:37 | INFO | main | Loading raw data from: C:\Users\diego\AppData\Local\Temp\pytest-of-diego\pytest-4\test_main_orchestrates_and_wri0\dataset.csv
2026-03-07 11:13:37 | INFO | main | Raw shape: (8, 3)
2026-03-07 11:13:37 | INFO | main | Cleaning data (target=target)
2026-03-07 11:13:37 | INFO | main | Clean shape: (8, 3)
2026-03-07 11:13:37 | INFO | main | Saving processed data to: C:\Users\diego\AppData\Local\Temp\pytest-of-diego\pytest-4\test_main_orchestrates_and_wri0\clean.csv
2026-03-07 11:13:37 | INFO | main | Validating required columns: ['num_feature', 'cat_feature', 'target']
2026-03-07 11:13:37 | INFO | main | Splitting data into Train/Val/Test (leakage-safe)
2026-03-07 11:13:37 | INFO | main | Split sizes -> train=4, val=2, test=2
2026-03-07 11:13:37 | INFO | main | Running fail-fast feature checks
2026-03-07 11:13:37 | INFO | main | Building feature preprocessor (unfitted)
2026-03-07 11:13:37 | INFO | main | Training model (fit only on TRAIN split)
2026-03-07 11:13:37 | INFO | main | Saving model artifact to: C:\Users\diego\AppData\Local\Temp\pytest-of-diego\pytest-4\test_main_orchestrates_and_wri0\model.pkl
2026-03-07 11:13:37 | INFO | main | Evaluating on VAL split
2026-03-07 11:13:37 | INFO | main | Validation metric = 0.99
2026-03-07 11:13:37 | INFO | main | Running inference on TEST sample and saving predictions
2026-03-07 11:13:37 | INFO | main | Pipeline complete ✅
2026-03-09 09:29:51 | INFO | main | Starting pipeline
2026-03-09 09:29:51 | INFO | main | Ensured directory exists: data/raw
2026-03-09 09:29:51 | INFO | main | Ensured directory exists: data/processed
2026-03-09 09:29:51 | INFO | main | Ensured directory exists: models
2026-03-09 09:29:51 | INFO | main | Ensured directory exists: reports
2026-03-09 09:29:51 | INFO | main | Ensured directory exists: logs
2026-03-09 09:29:51 | INFO | main | Telco dataset detected. Switching SETTINGS to Telco schema.
2026-03-09 09:29:51 | INFO | main | Loading raw data from: data/raw/WA_Fn-UseC_-Telco-Customer-Churn.csv
2026-03-09 09:29:51 | INFO | main | Raw shape: (7043, 21)
2026-03-09 09:32:58 | INFO | main | Starting pipeline
2026-03-09 09:32:58 | INFO | main | Ensured directory exists: data/raw
2026-03-09 09:32:58 | INFO | main | Ensured directory exists: data/processed
2026-03-09 09:32:58 | INFO | main | Ensured directory exists: models
2026-03-09 09:32:58 | INFO | main | Ensured directory exists: reports
2026-03-09 09:32:58 | INFO | main | Ensured directory exists: logs
2026-03-09 09:32:58 | INFO | main | Telco dataset detected. Switching SETTINGS to Telco schema.
2026-03-09 09:32:58 | INFO | main | Loading raw data from: data/raw/WA_Fn-UseC_-Telco-Customer-Churn.csv
2026-03-09 09:32:58 | INFO | main | Raw shape: (7043, 21)
2026-03-09 09:32:58 | INFO | main | Cleaning data (target=Churn)
2026-03-09 09:32:58 | INFO | main | Clean shape: (7043, 20)
2026-03-09 09:35:30 | INFO | main | Starting pipeline
2026-03-09 09:35:30 | INFO | main | Ensured directory exists: data/raw
2026-03-09 09:35:30 | INFO | main | Ensured directory exists: data/processed
2026-03-09 09:35:30 | INFO | main | Ensured directory exists: models
2026-03-09 09:35:30 | INFO | main | Ensured directory exists: reports
2026-03-09 09:35:30 | INFO | main | Ensured directory exists: logs
2026-03-09 09:35:30 | INFO | main | Telco dataset detected. Switching SETTINGS to Telco schema.
2026-03-09 09:35:30 | INFO | main | Loading raw data from: data/raw/WA_Fn-UseC_-Telco-Customer-Churn.csv
2026-03-09 09:35:30 | INFO | main | Raw shape: (7043, 21)
2026-03-09 09:35:30 | INFO | main | Cleaning data (target=Churn)
2026-03-09 09:35:30 | INFO | main | Clean shape: (7043, 20)
2026-03-09 09:35:30 | INFO | main | Saving processed data to: data/processed/clean.csv
2026-03-09 09:55:32 | INFO | main | Starting pipeline
2026-03-09 09:55:32 | INFO | main | Ensured directory exists: data/raw
2026-03-09 09:55:32 | INFO | main | Ensured directory exists: data/processed
2026-03-09 09:55:32 | INFO | main | Ensured directory exists: models
2026-03-09 09:55:32 | INFO | main | Ensured directory exists: reports
2026-03-09 09:55:32 | INFO | main | Ensured directory exists: logs
2026-03-09 09:55:32 | INFO | main | Telco dataset detected. Switching SETTINGS to Telco schema.
2026-03-09 09:55:32 | INFO | main | Loading raw data from: data/raw/WA_Fn-UseC_-Telco-Customer-Churn.csv
2026-03-09 09:55:32 | INFO | main | Raw shape: (7043, 21)
2026-03-09 09:55:32 | INFO | main | Cleaning data (target=Churn)
2026-03-09 09:55:32 | INFO | main | Clean shape: (7043, 20)
2026-03-09 09:55:32 | INFO | main | Saving processed data to: data/processed/clean.csv
2026-03-09 09:55:32 | INFO | main | Validating required columns: ['StreamingTV', 'gender', 'TechSupport', 'MonthlyCharges', 'PaperlessBilling', 'TotalCharges', 'Dependents', 'OnlineSecurity', 'Partner', 'Churn', 'OnlineBackup', 'PhoneService', 'InternetService', 'Contract', 'PaymentMethod', 'tenure', 'DeviceProtection', 'MultipleLines', 'SeniorCitizen', 'StreamingMovies']
2026-03-09 09:59:45 | INFO | main | Starting pipeline
2026-03-09 09:59:45 | INFO | main | Ensured directory exists: data/raw
2026-03-09 09:59:45 | INFO | main | Ensured directory exists: data/processed
2026-03-09 09:59:45 | INFO | main | Ensured directory exists: models
2026-03-09 09:59:45 | INFO | main | Ensured directory exists: reports
2026-03-09 09:59:45 | INFO | main | Ensured directory exists: logs
2026-03-09 09:59:45 | INFO | main | Telco dataset detected. Switching SETTINGS to Telco schema.
2026-03-09 09:59:45 | INFO | main | Loading raw data from: data/raw/WA_Fn-UseC_-Telco-Customer-Churn.csv
2026-03-09 09:59:45 | INFO | main | Raw shape: (7043, 21)
2026-03-09 09:59:45 | INFO | main | Cleaning data (target=Churn)
2026-03-09 09:59:45 | INFO | main | Clean shape: (7043, 20)
2026-03-09 09:59:45 | INFO | main | Saving processed data to: data/processed/clean.csv
2026-03-09 09:59:45 | INFO | main | Validating required columns: ['StreamingTV', 'OnlineBackup', 'TechSupport', 'gender', 'DeviceProtection', 'OnlineSecurity', 'SeniorCitizen', 'InternetService', 'MultipleLines', 'MonthlyCharges', 'TotalCharges', 'tenure', 'Partner', 'PaperlessBilling', 'Contract', 'PhoneService', 'Dependents', 'StreamingMovies', 'PaymentMethod', 'Churn']
2026-03-09 09:59:45 | INFO | main | Splitting data into Train/Val/Test (leakage-safe)
2026-03-09 09:59:45 | INFO | main | Split sizes -> train=4507, val=1127, test=1409
2026-03-09 10:01:27 | INFO | main | Starting pipeline
2026-03-09 10:01:27 | INFO | main | Ensured directory exists: data/raw
2026-03-09 10:01:27 | INFO | main | Ensured directory exists: data/processed
2026-03-09 10:01:27 | INFO | main | Ensured directory exists: models
2026-03-09 10:01:27 | INFO | main | Ensured directory exists: reports
2026-03-09 10:01:27 | INFO | main | Ensured directory exists: logs
2026-03-09 10:01:27 | INFO | main | Telco dataset detected. Switching SETTINGS to Telco schema.
2026-03-09 10:01:27 | INFO | main | Loading raw data from: data/raw/WA_Fn-UseC_-Telco-Customer-Churn.csv
2026-03-09 10:01:27 | INFO | main | Raw shape: (7043, 21)
2026-03-09 10:01:27 | INFO | main | Cleaning data (target=Churn)
2026-03-09 10:01:27 | INFO | main | Clean shape: (7043, 20)
2026-03-09 10:01:27 | INFO | main | Saving processed data to: data/processed/clean.csv
2026-03-09 10:01:27 | INFO | main | Validating required columns: ['MultipleLines', 'StreamingTV', 'TotalCharges', 'InternetService', 'PaymentMethod', 'MonthlyCharges', 'Partner', 'PaperlessBilling', 'StreamingMovies', 'TechSupport', 'DeviceProtection', 'Dependents', 'gender', 'tenure', 'Contract', 'OnlineSecurity', 'Churn', 'PhoneService', 'OnlineBackup', 'SeniorCitizen']
2026-03-09 10:01:27 | INFO | main | Splitting data into Train/Val/Test (leakage-safe)
2026-03-09 10:01:27 | INFO | main | Split sizes -> train=4507, val=1127, test=1409
2026-03-09 10:01:27 | INFO | main | Running fail-fast feature checks
2026-03-09 10:03:42 | INFO | main | Starting pipeline
2026-03-09 10:03:42 | INFO | main | Ensured directory exists: data/raw
2026-03-09 10:03:42 | INFO | main | Ensured directory exists: data/processed
2026-03-09 10:03:42 | INFO | main | Ensured directory exists: models
2026-03-09 10:03:42 | INFO | main | Ensured directory exists: reports
2026-03-09 10:03:42 | INFO | main | Ensured directory exists: logs
2026-03-09 10:03:42 | INFO | main | Telco dataset detected. Switching SETTINGS to Telco schema.
2026-03-09 10:03:42 | INFO | main | Loading raw data from: data/raw/WA_Fn-UseC_-Telco-Customer-Churn.csv
2026-03-09 10:03:42 | INFO | main | Raw shape: (7043, 21)
2026-03-09 10:03:42 | INFO | main | Cleaning data (target=Churn)
2026-03-09 10:03:43 | INFO | main | Clean shape: (7043, 20)
2026-03-09 10:03:43 | INFO | main | Saving processed data to: data/processed/clean.csv
2026-03-09 10:03:43 | INFO | main | Validating required columns: ['Contract', 'DeviceProtection', 'tenure', 'PhoneService', 'gender', 'SeniorCitizen', 'MonthlyCharges', 'TechSupport', 'PaperlessBilling', 'Partner', 'TotalCharges', 'Churn', 'MultipleLines', 'StreamingTV', 'OnlineBackup', 'InternetService', 'StreamingMovies', 'PaymentMethod', 'OnlineSecurity', 'Dependents']
2026-03-09 10:03:43 | INFO | main | Splitting data into Train/Val/Test (leakage-safe)
2026-03-09 10:03:43 | INFO | main | Split sizes -> train=4507, val=1127, test=1409
2026-03-09 10:03:43 | INFO | main | Running fail-fast feature checks
2026-03-09 10:03:43 | INFO | main | Building feature preprocessor (unfitted)
2026-03-09 10:13:47 | INFO | main | Starting pipeline
2026-03-09 10:13:47 | INFO | main | Ensured directory exists: data/raw
2026-03-09 10:13:47 | INFO | main | Ensured directory exists: data/processed
2026-03-09 10:13:47 | INFO | main | Ensured directory exists: models
2026-03-09 10:13:47 | INFO | main | Ensured directory exists: reports
2026-03-09 10:13:47 | INFO | main | Ensured directory exists: logs
2026-03-09 10:13:47 | INFO | main | Telco dataset detected. Switching SETTINGS to Telco schema.
2026-03-09 10:13:47 | INFO | main | Loading raw data from: data/raw/WA_Fn-UseC_-Telco-Customer-Churn.csv
2026-03-09 10:13:47 | INFO | main | Raw shape: (7043, 21)
2026-03-09 10:13:47 | INFO | main | Cleaning data (target=Churn)
2026-03-09 10:13:47 | INFO | main | Clean shape: (7043, 20)
2026-03-09 10:13:47 | INFO | main | Saving processed data to: data/processed/clean.csv
2026-03-09 10:13:47 | INFO | main | Validating required columns: ['gender', 'TechSupport', 'PaperlessBilling', 'StreamingTV', 'StreamingMovies', 'Dependents', 'PaymentMethod', 'PhoneService', 'tenure', 'MultipleLines', 'Partner', 'DeviceProtection', 'OnlineBackup', 'InternetService', 'TotalCharges', 'Contract', 'OnlineSecurity', 'Churn', 'SeniorCitizen', 'MonthlyCharges']
2026-03-09 10:13:47 | INFO | main | Splitting data into Train/Val/Test (leakage-safe)
2026-03-09 10:13:47 | INFO | main | Split sizes -> train=4507, val=1127, test=1409
2026-03-09 10:13:47 | INFO | main | Running fail-fast feature checks
2026-03-09 10:13:47 | INFO | main | Building feature preprocessor (unfitted)
2026-03-09 10:13:47 | INFO | main | Training model (fit only on TRAIN split)
2026-03-09 10:15:53 | INFO | main | Starting pipeline
2026-03-09 10:15:53 | INFO | main | Ensured directory exists: data/raw
2026-03-09 10:15:53 | INFO | main | Ensured directory exists: data/processed
2026-03-09 10:15:53 | INFO | main | Ensured directory exists: models
2026-03-09 10:15:53 | INFO | main | Ensured directory exists: reports
2026-03-09 10:15:53 | INFO | main | Ensured directory exists: logs
2026-03-09 10:15:53 | INFO | main | Telco dataset detected. Switching SETTINGS to Telco schema.
2026-03-09 10:15:53 | INFO | main | Loading raw data from: data/raw/WA_Fn-UseC_-Telco-Customer-Churn.csv
2026-03-09 10:15:53 | INFO | main | Raw shape: (7043, 21)
2026-03-09 10:15:53 | INFO | main | Cleaning data (target=Churn)
2026-03-09 10:15:53 | INFO | main | Clean shape: (7043, 20)
2026-03-09 10:15:53 | INFO | main | Saving processed data to: data/processed/clean.csv
2026-03-09 10:15:53 | INFO | main | Validating required columns: ['SeniorCitizen', 'PaymentMethod', 'DeviceProtection', 'StreamingMovies', 'StreamingTV', 'InternetService', 'tenure', 'Dependents', 'MultipleLines', 'gender', 'Contract', 'PhoneService', 'PaperlessBilling', 'OnlineBackup', 'Partner', 'TechSupport', 'TotalCharges', 'MonthlyCharges', 'OnlineSecurity', 'Churn']
2026-03-09 10:15:53 | INFO | main | Splitting data into Train/Val/Test (leakage-safe)
2026-03-09 10:15:53 | INFO | main | Split sizes -> train=4507, val=1127, test=1409
2026-03-09 10:15:53 | INFO | main | Running fail-fast feature checks
2026-03-09 10:15:53 | INFO | main | Building feature preprocessor (unfitted)
2026-03-09 10:15:53 | INFO | main | Training model (fit only on TRAIN split)
2026-03-09 10:16:13 | INFO | main | Saving model artifact to: models/model.joblib
2026-03-09 10:16:13 | ERROR | main | Pipeline failed: Can't pickle local object 'get_feature_preprocessor.<locals>.tenure_bucket'
Traceback (most recent call last):
  File "/Users/juanjose/Library/CloudStorage/GoogleDrive-jj.rincon@student.ie.edu/My Drive/term 2/MLops/1-mlops-kickoff-repo/src/main.py", line 282, in main
    save_model(model, model_path)
  File "/Users/juanjose/Library/CloudStorage/GoogleDrive-jj.rincon@student.ie.edu/My Drive/term 2/MLops/1-mlops-kickoff-repo/src/utils.py", line 79, in save_model
    pickle.dump(model, f)
AttributeError: Can't pickle local object 'get_feature_preprocessor.<locals>.tenure_bucket'
2026-03-09 10:18:11 | INFO | main | Starting pipeline
2026-03-09 10:18:11 | INFO | main | Ensured directory exists: data/raw
2026-03-09 10:18:11 | INFO | main | Ensured directory exists: data/processed
2026-03-09 10:18:11 | INFO | main | Ensured directory exists: models
2026-03-09 10:18:11 | INFO | main | Ensured directory exists: reports
2026-03-09 10:18:11 | INFO | main | Ensured directory exists: logs
2026-03-09 10:18:11 | INFO | main | Telco dataset detected. Switching SETTINGS to Telco schema.
2026-03-09 10:18:11 | INFO | main | Loading raw data from: data/raw/WA_Fn-UseC_-Telco-Customer-Churn.csv
2026-03-09 10:18:11 | INFO | main | Raw shape: (7043, 21)
2026-03-09 10:18:11 | INFO | main | Cleaning data (target=Churn)
2026-03-09 10:18:11 | INFO | main | Clean shape: (7043, 20)
2026-03-09 10:18:11 | INFO | main | Saving processed data to: data/processed/clean.csv
2026-03-09 10:18:11 | INFO | main | Validating required columns: ['DeviceProtection', 'PaymentMethod', 'tenure', 'TechSupport', 'Dependents', 'PaperlessBilling', 'InternetService', 'PhoneService', 'Churn', 'OnlineSecurity', 'MultipleLines', 'TotalCharges', 'StreamingTV', 'Partner', 'StreamingMovies', 'MonthlyCharges', 'OnlineBackup', 'Contract', 'gender', 'SeniorCitizen']
2026-03-09 10:18:11 | INFO | main | Splitting data into Train/Val/Test (leakage-safe)
2026-03-09 10:18:11 | INFO | main | Split sizes -> train=4507, val=1127, test=1409
2026-03-09 10:18:11 | INFO | main | Running fail-fast feature checks
2026-03-09 10:18:11 | INFO | main | Building feature preprocessor (unfitted)
2026-03-09 10:18:11 | INFO | main | Training model (fit only on TRAIN split)
2026-03-09 10:18:32 | INFO | main | Saving model artifact to: models/model.joblib
2026-03-09 10:38:13 | INFO | main | Starting pipeline
2026-03-09 10:38:13 | INFO | main | Ensured directory exists: data/raw
2026-03-09 10:38:13 | INFO | main | Ensured directory exists: data/processed
2026-03-09 10:38:13 | INFO | main | Ensured directory exists: models
2026-03-09 10:38:13 | INFO | main | Ensured directory exists: reports
2026-03-09 10:38:13 | INFO | main | Ensured directory exists: logs
2026-03-09 10:38:13 | INFO | main | Telco dataset detected. Switching SETTINGS to Telco schema.
2026-03-09 10:38:13 | INFO | main | Loading raw data from: data/raw/WA_Fn-UseC_-Telco-Customer-Churn.csv
2026-03-09 10:38:13 | INFO | main | Raw shape: (7043, 21)
2026-03-09 10:38:13 | INFO | main | Cleaning data (target=Churn)
2026-03-09 10:38:13 | INFO | main | Clean shape: (7043, 20)
2026-03-09 10:38:13 | INFO | main | Saving processed data to: data/processed/clean.csv
2026-03-09 10:38:13 | INFO | main | Validating required columns: ['Contract', 'PaymentMethod', 'DeviceProtection', 'MultipleLines', 'Partner', 'StreamingMovies', 'StreamingTV', 'tenure', 'TechSupport', 'InternetService', 'PaperlessBilling', 'OnlineSecurity', 'gender', 'MonthlyCharges', 'SeniorCitizen', 'Churn', 'PhoneService', 'Dependents', 'TotalCharges', 'OnlineBackup']
2026-03-09 10:38:13 | INFO | main | Splitting data into Train/Val/Test (leakage-safe)
2026-03-09 10:38:13 | INFO | main | Split sizes -> train=4507, val=1127, test=1409
2026-03-09 10:38:13 | INFO | main | Running fail-fast feature checks
2026-03-09 10:38:13 | INFO | main | Building feature preprocessor (unfitted)
2026-03-09 10:38:13 | INFO | main | Training model (fit only on TRAIN split)
2026-03-09 10:38:31 | INFO | main | Saving model artifact to: models/model.joblib
2026-03-09 10:38:31 | ERROR | main | Pipeline failed: Can't pickle <function get_feature_preprocessor.<locals>.tenure_bucket at 0x153566440>: it's not found as src.features.get_feature_preprocessor.<locals>.tenure_bucket
Traceback (most recent call last):
  File "/Users/juanjose/Library/CloudStorage/GoogleDrive-jj.rincon@student.ie.edu/My Drive/term 2/MLops/1-mlops-kickoff-repo/src/main.py", line 281, in main
    save_model(model, model_path)
  File "/Users/juanjose/Library/CloudStorage/GoogleDrive-jj.rincon@student.ie.edu/My Drive/term 2/MLops/1-mlops-kickoff-repo/src/utils.py", line 79, in save_model
    joblib.dump(model, filepath)
  File "/Users/juanjose/miniconda3/envs/mlops_project/lib/python3.10/site-packages/joblib/numpy_pickle.py", line 600, in dump
    NumpyPickler(f, protocol=protocol).dump(value)
  File "/Users/juanjose/miniconda3/envs/mlops_project/lib/python3.10/pickle.py", line 487, in dump
    self.save(obj)
  File "/Users/juanjose/miniconda3/envs/mlops_project/lib/python3.10/site-packages/joblib/numpy_pickle.py", line 395, in save
    return Pickler.save(self, obj)
  File "/Users/juanjose/miniconda3/envs/mlops_project/lib/python3.10/pickle.py", line 603, in save
    self.save_reduce(obj=obj, *rv)
  File "/Users/juanjose/miniconda3/envs/mlops_project/lib/python3.10/pickle.py", line 717, in save_reduce
    save(state)
  File "/Users/juanjose/miniconda3/envs/mlops_project/lib/python3.10/site-packages/joblib/numpy_pickle.py", line 395, in save
    return Pickler.save(self, obj)
  File "/Users/juanjose/miniconda3/envs/mlops_project/lib/python3.10/pickle.py", line 560, in save
    f(self, obj)  # Call unbound method with explicit self
  File "/Users/juanjose/miniconda3/envs/mlops_project/lib/python3.10/pickle.py", line 972, in save_dict
    self._batch_setitems(obj.items())
  File "/Users/juanjose/miniconda3/envs/mlops_project/lib/python3.10/pickle.py", line 998, in _batch_setitems
    save(v)
  File "/Users/juanjose/miniconda3/envs/mlops_project/lib/python3.10/site-packages/joblib/numpy_pickle.py", line 395, in save
    return Pickler.save(self, obj)
  File "/Users/juanjose/miniconda3/envs/mlops_project/lib/python3.10/pickle.py", line 560, in save
    f(self, obj)  # Call unbound method with explicit self
  File "/Users/juanjose/miniconda3/envs/mlops_project/lib/python3.10/pickle.py", line 932, in save_list
    self._batch_appends(obj)
  File "/Users/juanjose/miniconda3/envs/mlops_project/lib/python3.10/pickle.py", line 956, in _batch_appends
    save(x)
  File "/Users/juanjose/miniconda3/envs/mlops_project/lib/python3.10/site-packages/joblib/numpy_pickle.py", line 395, in save
    return Pickler.save(self, obj)
  File "/Users/juanjose/miniconda3/envs/mlops_project/lib/python3.10/pickle.py", line 560, in save
    f(self, obj)  # Call unbound method with explicit self
  File "/Users/juanjose/miniconda3/envs/mlops_project/lib/python3.10/pickle.py", line 887, in save_tuple
    save(element)
  File "/Users/juanjose/miniconda3/envs/mlops_project/lib/python3.10/site-packages/joblib/numpy_pickle.py", line 395, in save
    return Pickler.save(self, obj)
  File "/Users/juanjose/miniconda3/envs/mlops_project/lib/python3.10/pickle.py", line 603, in save
    self.save_reduce(obj=obj, *rv)
  File "/Users/juanjose/miniconda3/envs/mlops_project/lib/python3.10/pickle.py", line 717, in save_reduce
    save(state)
  File "/Users/juanjose/miniconda3/envs/mlops_project/lib/python3.10/site-packages/joblib/numpy_pickle.py", line 395, in save
    return Pickler.save(self, obj)
  File "/Users/juanjose/miniconda3/envs/mlops_project/lib/python3.10/pickle.py", line 560, in save
    f(self, obj)  # Call unbound method with explicit self
  File "/Users/juanjose/miniconda3/envs/mlops_project/lib/python3.10/pickle.py", line 972, in save_dict
    self._batch_setitems(obj.items())
  File "/Users/juanjose/miniconda3/envs/mlops_project/lib/python3.10/pickle.py", line 998, in _batch_setitems
    save(v)
  File "/Users/juanjose/miniconda3/envs/mlops_project/lib/python3.10/site-packages/joblib/numpy_pickle.py", line 395, in save
    return Pickler.save(self, obj)
  File "/Users/juanjose/miniconda3/envs/mlops_project/lib/python3.10/pickle.py", line 560, in save
    f(self, obj)  # Call unbound method with explicit self
  File "/Users/juanjose/miniconda3/envs/mlops_project/lib/python3.10/pickle.py", line 932, in save_list
    self._batch_appends(obj)
  File "/Users/juanjose/miniconda3/envs/mlops_project/lib/python3.10/pickle.py", line 956, in _batch_appends
    save(x)
  File "/Users/juanjose/miniconda3/envs/mlops_project/lib/python3.10/site-packages/joblib/numpy_pickle.py", line 395, in save
    return Pickler.save(self, obj)
  File "/Users/juanjose/miniconda3/envs/mlops_project/lib/python3.10/pickle.py", line 560, in save
    f(self, obj)  # Call unbound method with explicit self
  File "/Users/juanjose/miniconda3/envs/mlops_project/lib/python3.10/pickle.py", line 887, in save_tuple
    save(element)
  File "/Users/juanjose/miniconda3/envs/mlops_project/lib/python3.10/site-packages/joblib/numpy_pickle.py", line 395, in save
    return Pickler.save(self, obj)
  File "/Users/juanjose/miniconda3/envs/mlops_project/lib/python3.10/pickle.py", line 603, in save
    self.save_reduce(obj=obj, *rv)
  File "/Users/juanjose/miniconda3/envs/mlops_project/lib/python3.10/pickle.py", line 717, in save_reduce
    save(state)
  File "/Users/juanjose/miniconda3/envs/mlops_project/lib/python3.10/site-packages/joblib/numpy_pickle.py", line 395, in save
    return Pickler.save(self, obj)
  File "/Users/juanjose/miniconda3/envs/mlops_project/lib/python3.10/pickle.py", line 560, in save
    f(self, obj)  # Call unbound method with explicit self
  File "/Users/juanjose/miniconda3/envs/mlops_project/lib/python3.10/pickle.py", line 972, in save_dict
    self._batch_setitems(obj.items())
  File "/Users/juanjose/miniconda3/envs/mlops_project/lib/python3.10/pickle.py", line 998, in _batch_setitems
    save(v)
  File "/Users/juanjose/miniconda3/envs/mlops_project/lib/python3.10/site-packages/joblib/numpy_pickle.py", line 395, in save
    return Pickler.save(self, obj)
  File "/Users/juanjose/miniconda3/envs/mlops_project/lib/python3.10/pickle.py", line 560, in save
    f(self, obj)  # Call unbound method with explicit self
  File "/Users/juanjose/miniconda3/envs/mlops_project/lib/python3.10/pickle.py", line 1071, in save_global
    raise PicklingError(
_pickle.PicklingError: Can't pickle <function get_feature_preprocessor.<locals>.tenure_bucket at 0x153566440>: it's not found as src.features.get_feature_preprocessor.<locals>.tenure_bucket
2026-03-09 10:39:24 | INFO | main | Starting pipeline
2026-03-09 10:39:24 | INFO | main | Ensured directory exists: data/raw
2026-03-09 10:39:24 | INFO | main | Ensured directory exists: data/processed
2026-03-09 10:39:24 | INFO | main | Ensured directory exists: models
2026-03-09 10:39:24 | INFO | main | Ensured directory exists: reports
2026-03-09 10:39:24 | INFO | main | Ensured directory exists: logs
2026-03-09 10:39:24 | INFO | main | Telco dataset detected. Switching SETTINGS to Telco schema.
2026-03-09 10:39:24 | INFO | main | Loading raw data from: data/raw/WA_Fn-UseC_-Telco-Customer-Churn.csv
2026-03-09 10:39:24 | INFO | main | Raw shape: (7043, 21)
2026-03-09 10:39:24 | INFO | main | Cleaning data (target=Churn)
2026-03-09 10:39:24 | INFO | main | Clean shape: (7043, 20)
2026-03-09 10:39:24 | INFO | main | Saving processed data to: data/processed/clean.csv
2026-03-09 10:39:24 | INFO | main | Validating required columns: ['StreamingTV', 'MultipleLines', 'Dependents', 'tenure', 'DeviceProtection', 'PaperlessBilling', 'StreamingMovies', 'gender', 'PhoneService', 'OnlineBackup', 'MonthlyCharges', 'TechSupport', 'Partner', 'TotalCharges', 'PaymentMethod', 'Churn', 'OnlineSecurity', 'InternetService', 'SeniorCitizen', 'Contract']
2026-03-09 10:39:24 | INFO | main | Splitting data into Train/Val/Test (leakage-safe)
2026-03-09 10:39:24 | INFO | main | Split sizes -> train=4507, val=1127, test=1409
2026-03-09 10:39:24 | INFO | main | Running fail-fast feature checks
2026-03-09 10:39:24 | INFO | main | Building feature preprocessor (unfitted)
2026-03-09 10:39:24 | INFO | main | Training model (fit only on TRAIN split)
2026-03-09 10:39:42 | INFO | main | Saving model artifact to: models/model.joblib
2026-03-09 10:39:42 | ERROR | main | Pipeline failed: Can't pickle <function get_feature_preprocessor.<locals>.tenure_bucket at 0x142d81480>: it's not found as src.features.get_feature_preprocessor.<locals>.tenure_bucket
Traceback (most recent call last):
  File "/Users/juanjose/Library/CloudStorage/GoogleDrive-jj.rincon@student.ie.edu/My Drive/term 2/MLops/1-mlops-kickoff-repo/src/main.py", line 281, in main
    save_model(model, model_path)
  File "/Users/juanjose/Library/CloudStorage/GoogleDrive-jj.rincon@student.ie.edu/My Drive/term 2/MLops/1-mlops-kickoff-repo/src/utils.py", line 79, in save_model
    joblib.dump(model, filepath)
  File "/Users/juanjose/miniconda3/envs/mlops_project/lib/python3.10/site-packages/joblib/numpy_pickle.py", line 600, in dump
    NumpyPickler(f, protocol=protocol).dump(value)
  File "/Users/juanjose/miniconda3/envs/mlops_project/lib/python3.10/pickle.py", line 487, in dump
    self.save(obj)
  File "/Users/juanjose/miniconda3/envs/mlops_project/lib/python3.10/site-packages/joblib/numpy_pickle.py", line 395, in save
    return Pickler.save(self, obj)
  File "/Users/juanjose/miniconda3/envs/mlops_project/lib/python3.10/pickle.py", line 603, in save
    self.save_reduce(obj=obj, *rv)
  File "/Users/juanjose/miniconda3/envs/mlops_project/lib/python3.10/pickle.py", line 717, in save_reduce
    save(state)
  File "/Users/juanjose/miniconda3/envs/mlops_project/lib/python3.10/site-packages/joblib/numpy_pickle.py", line 395, in save
    return Pickler.save(self, obj)
  File "/Users/juanjose/miniconda3/envs/mlops_project/lib/python3.10/pickle.py", line 560, in save
    f(self, obj)  # Call unbound method with explicit self
  File "/Users/juanjose/miniconda3/envs/mlops_project/lib/python3.10/pickle.py", line 972, in save_dict
    self._batch_setitems(obj.items())
  File "/Users/juanjose/miniconda3/envs/mlops_project/lib/python3.10/pickle.py", line 998, in _batch_setitems
    save(v)
  File "/Users/juanjose/miniconda3/envs/mlops_project/lib/python3.10/site-packages/joblib/numpy_pickle.py", line 395, in save
    return Pickler.save(self, obj)
  File "/Users/juanjose/miniconda3/envs/mlops_project/lib/python3.10/pickle.py", line 560, in save
    f(self, obj)  # Call unbound method with explicit self
  File "/Users/juanjose/miniconda3/envs/mlops_project/lib/python3.10/pickle.py", line 932, in save_list
    self._batch_appends(obj)
  File "/Users/juanjose/miniconda3/envs/mlops_project/lib/python3.10/pickle.py", line 956, in _batch_appends
    save(x)
  File "/Users/juanjose/miniconda3/envs/mlops_project/lib/python3.10/site-packages/joblib/numpy_pickle.py", line 395, in save
    return Pickler.save(self, obj)
  File "/Users/juanjose/miniconda3/envs/mlops_project/lib/python3.10/pickle.py", line 560, in save
    f(self, obj)  # Call unbound method with explicit self
  File "/Users/juanjose/miniconda3/envs/mlops_project/lib/python3.10/pickle.py", line 887, in save_tuple
    save(element)
  File "/Users/juanjose/miniconda3/envs/mlops_project/lib/python3.10/site-packages/joblib/numpy_pickle.py", line 395, in save
    return Pickler.save(self, obj)
  File "/Users/juanjose/miniconda3/envs/mlops_project/lib/python3.10/pickle.py", line 603, in save
    self.save_reduce(obj=obj, *rv)
  File "/Users/juanjose/miniconda3/envs/mlops_project/lib/python3.10/pickle.py", line 717, in save_reduce
    save(state)
  File "/Users/juanjose/miniconda3/envs/mlops_project/lib/python3.10/site-packages/joblib/numpy_pickle.py", line 395, in save
    return Pickler.save(self, obj)
  File "/Users/juanjose/miniconda3/envs/mlops_project/lib/python3.10/pickle.py", line 560, in save
    f(self, obj)  # Call unbound method with explicit self
  File "/Users/juanjose/miniconda3/envs/mlops_project/lib/python3.10/pickle.py", line 972, in save_dict
    self._batch_setitems(obj.items())
  File "/Users/juanjose/miniconda3/envs/mlops_project/lib/python3.10/pickle.py", line 998, in _batch_setitems
    save(v)
  File "/Users/juanjose/miniconda3/envs/mlops_project/lib/python3.10/site-packages/joblib/numpy_pickle.py", line 395, in save
    return Pickler.save(self, obj)
  File "/Users/juanjose/miniconda3/envs/mlops_project/lib/python3.10/pickle.py", line 560, in save
    f(self, obj)  # Call unbound method with explicit self
  File "/Users/juanjose/miniconda3/envs/mlops_project/lib/python3.10/pickle.py", line 932, in save_list
    self._batch_appends(obj)
  File "/Users/juanjose/miniconda3/envs/mlops_project/lib/python3.10/pickle.py", line 956, in _batch_appends
    save(x)
  File "/Users/juanjose/miniconda3/envs/mlops_project/lib/python3.10/site-packages/joblib/numpy_pickle.py", line 395, in save
    return Pickler.save(self, obj)
  File "/Users/juanjose/miniconda3/envs/mlops_project/lib/python3.10/pickle.py", line 560, in save
    f(self, obj)  # Call unbound method with explicit self
  File "/Users/juanjose/miniconda3/envs/mlops_project/lib/python3.10/pickle.py", line 887, in save_tuple
    save(element)
  File "/Users/juanjose/miniconda3/envs/mlops_project/lib/python3.10/site-packages/joblib/numpy_pickle.py", line 395, in save
    return Pickler.save(self, obj)
  File "/Users/juanjose/miniconda3/envs/mlops_project/lib/python3.10/pickle.py", line 603, in save
    self.save_reduce(obj=obj, *rv)
  File "/Users/juanjose/miniconda3/envs/mlops_project/lib/python3.10/pickle.py", line 717, in save_reduce
    save(state)
  File "/Users/juanjose/miniconda3/envs/mlops_project/lib/python3.10/site-packages/joblib/numpy_pickle.py", line 395, in save
    return Pickler.save(self, obj)
  File "/Users/juanjose/miniconda3/envs/mlops_project/lib/python3.10/pickle.py", line 560, in save
    f(self, obj)  # Call unbound method with explicit self
  File "/Users/juanjose/miniconda3/envs/mlops_project/lib/python3.10/pickle.py", line 972, in save_dict
    self._batch_setitems(obj.items())
  File "/Users/juanjose/miniconda3/envs/mlops_project/lib/python3.10/pickle.py", line 998, in _batch_setitems
    save(v)
  File "/Users/juanjose/miniconda3/envs/mlops_project/lib/python3.10/site-packages/joblib/numpy_pickle.py", line 395, in save
    return Pickler.save(self, obj)
  File "/Users/juanjose/miniconda3/envs/mlops_project/lib/python3.10/pickle.py", line 560, in save
    f(self, obj)  # Call unbound method with explicit self
  File "/Users/juanjose/miniconda3/envs/mlops_project/lib/python3.10/pickle.py", line 1071, in save_global
    raise PicklingError(
_pickle.PicklingError: Can't pickle <function get_feature_preprocessor.<locals>.tenure_bucket at 0x142d81480>: it's not found as src.features.get_feature_preprocessor.<locals>.tenure_bucket
2026-03-09 10:47:02 | INFO | main | Starting pipeline
2026-03-09 10:47:02 | INFO | main | Ensured directory exists: data/raw
2026-03-09 10:47:02 | INFO | main | Ensured directory exists: data/processed
2026-03-09 10:47:02 | INFO | main | Ensured directory exists: models
2026-03-09 10:47:02 | INFO | main | Ensured directory exists: reports
2026-03-09 10:47:02 | INFO | main | Ensured directory exists: logs
2026-03-09 10:47:02 | INFO | main | Telco dataset detected. Switching SETTINGS to Telco schema.
2026-03-09 10:47:02 | INFO | main | Loading raw data from: data/raw/WA_Fn-UseC_-Telco-Customer-Churn.csv
2026-03-09 10:47:02 | INFO | main | Raw shape: (7043, 21)
2026-03-09 10:47:02 | INFO | main | Cleaning data (target=Churn)
2026-03-09 10:47:02 | INFO | main | Clean shape: (7043, 20)
2026-03-09 10:47:02 | INFO | main | Saving processed data to: data/processed/clean.csv
2026-03-09 10:47:02 | INFO | main | Validating required columns: ['TechSupport', 'InternetService', 'Partner', 'tenure', 'DeviceProtection', 'OnlineSecurity', 'gender', 'PaymentMethod', 'PaperlessBilling', 'OnlineBackup', 'StreamingMovies', 'StreamingTV', 'Dependents', 'MonthlyCharges', 'TotalCharges', 'MultipleLines', 'Churn', 'SeniorCitizen', 'PhoneService', 'Contract']
2026-03-09 10:47:02 | INFO | main | Splitting data into Train/Val/Test (leakage-safe)
2026-03-09 10:47:02 | INFO | main | Split sizes -> train=4507, val=1127, test=1409
2026-03-09 10:47:02 | INFO | main | Running fail-fast feature checks
2026-03-09 10:47:02 | INFO | main | Building feature preprocessor (unfitted)
2026-03-09 10:47:02 | INFO | main | Training model (fit only on TRAIN split)
2026-03-09 10:47:21 | INFO | main | Saving model artifact to: models/model.joblib
2026-03-09 11:07:23 | INFO | main | Starting pipeline
2026-03-09 11:07:23 | INFO | main | Ensured directory exists: data/raw
2026-03-09 11:07:23 | INFO | main | Ensured directory exists: data/processed
2026-03-09 11:07:23 | INFO | main | Ensured directory exists: models
2026-03-09 11:07:23 | INFO | main | Ensured directory exists: reports
2026-03-09 11:07:23 | INFO | main | Ensured directory exists: logs
2026-03-09 11:07:23 | INFO | main | Telco dataset detected. Switching SETTINGS to Telco schema.
2026-03-09 11:07:23 | INFO | main | Loading raw data from: data/raw/WA_Fn-UseC_-Telco-Customer-Churn.csv
2026-03-09 11:07:23 | INFO | main | Raw shape: (7043, 21)
2026-03-09 11:07:23 | INFO | main | Cleaning data (target=Churn)
2026-03-09 11:07:23 | INFO | main | Clean shape: (7043, 20)
2026-03-09 11:07:23 | INFO | main | Saving processed data to: data/processed/clean.csv
2026-03-09 11:07:24 | INFO | main | Validating required columns: ['tenure', 'PaperlessBilling', 'MultipleLines', 'Partner', 'SeniorCitizen', 'OnlineSecurity', 'TotalCharges', 'PaymentMethod', 'StreamingMovies', 'Churn', 'OnlineBackup', 'PhoneService', 'InternetService', 'StreamingTV', 'MonthlyCharges', 'gender', 'TechSupport', 'Contract', 'DeviceProtection', 'Dependents']
2026-03-09 11:07:24 | INFO | main | Splitting data into Train/Val/Test (leakage-safe)
2026-03-09 11:07:24 | INFO | main | Split sizes -> train=4507, val=1127, test=1409
2026-03-09 11:07:24 | INFO | main | Running fail-fast feature checks
2026-03-09 11:07:24 | INFO | main | Building feature preprocessor (unfitted)
2026-03-09 11:07:24 | INFO | main | Training model (fit only on TRAIN split)
2026-03-09 11:07:43 | INFO | main | Saving model artifact to: models/model.joblib
2026-03-09 11:07:43 | INFO | main | Evaluating on VAL split
2026-03-09 11:07:43 | INFO | main | Validation metric = 0.5921787709497207
2026-03-09 11:08:57 | INFO | main | Starting pipeline
2026-03-09 11:08:57 | INFO | main | Ensured directory exists: data/raw
2026-03-09 11:08:57 | INFO | main | Ensured directory exists: data/processed
2026-03-09 11:08:57 | INFO | main | Ensured directory exists: models
2026-03-09 11:08:57 | INFO | main | Ensured directory exists: reports
2026-03-09 11:08:57 | INFO | main | Ensured directory exists: logs
2026-03-09 11:08:57 | INFO | main | Telco dataset detected. Switching SETTINGS to Telco schema.
2026-03-09 11:08:57 | INFO | main | Loading raw data from: data/raw/WA_Fn-UseC_-Telco-Customer-Churn.csv
2026-03-09 11:08:57 | INFO | main | Raw shape: (7043, 21)
2026-03-09 11:08:57 | INFO | main | Cleaning data (target=Churn)
2026-03-09 11:08:57 | INFO | main | Clean shape: (7043, 20)
2026-03-09 11:08:57 | INFO | main | Saving processed data to: data/processed/clean.csv
2026-03-09 11:08:57 | INFO | main | Validating required columns: ['gender', 'SeniorCitizen', 'StreamingMovies', 'InternetService', 'StreamingTV', 'OnlineSecurity', 'TechSupport', 'PaperlessBilling', 'DeviceProtection', 'Churn', 'tenure', 'MonthlyCharges', 'Contract', 'TotalCharges', 'Partner', 'Dependents', 'PaymentMethod', 'PhoneService', 'OnlineBackup', 'MultipleLines']
2026-03-09 11:08:57 | INFO | main | Splitting data into Train/Val/Test (leakage-safe)
2026-03-09 11:08:57 | INFO | main | Split sizes -> train=4507, val=1127, test=1409
2026-03-09 11:08:57 | INFO | main | Running fail-fast feature checks
2026-03-09 11:08:57 | INFO | main | Building feature preprocessor (unfitted)
2026-03-09 11:08:57 | INFO | main | Training model (fit only on TRAIN split)
2026-03-09 11:09:15 | INFO | main | Saving model artifact to: models/model.joblib
2026-03-09 11:09:15 | INFO | main | Evaluating on VAL split
2026-03-09 11:09:15 | INFO | main | Validation metric = 0.5921787709497207
2026-03-09 11:10:17 | INFO | main | Starting pipeline
2026-03-09 11:10:17 | INFO | main | Ensured directory exists: data/raw
2026-03-09 11:10:17 | INFO | main | Ensured directory exists: data/processed
2026-03-09 11:10:17 | INFO | main | Ensured directory exists: models
2026-03-09 11:10:17 | INFO | main | Ensured directory exists: reports
2026-03-09 11:10:17 | INFO | main | Ensured directory exists: logs
2026-03-09 11:10:17 | INFO | main | Telco dataset detected. Switching SETTINGS to Telco schema.
2026-03-09 11:10:17 | INFO | main | Loading raw data from: data/raw/WA_Fn-UseC_-Telco-Customer-Churn.csv
2026-03-09 11:10:17 | INFO | main | Raw shape: (7043, 21)
2026-03-09 11:10:17 | INFO | main | Cleaning data (target=Churn)
2026-03-09 11:10:17 | INFO | main | Clean shape: (7043, 20)
2026-03-09 11:10:17 | INFO | main | Saving processed data to: data/processed/clean.csv
2026-03-09 11:10:17 | INFO | main | Validating required columns: ['StreamingTV', 'PaymentMethod', 'Partner', 'MonthlyCharges', 'Contract', 'Churn', 'OnlineSecurity', 'SeniorCitizen', 'gender', 'PhoneService', 'DeviceProtection', 'TechSupport', 'Dependents', 'tenure', 'OnlineBackup', 'PaperlessBilling', 'MultipleLines', 'TotalCharges', 'InternetService', 'StreamingMovies']
2026-03-09 11:10:17 | INFO | main | Splitting data into Train/Val/Test (leakage-safe)
2026-03-09 11:10:17 | INFO | main | Split sizes -> train=4507, val=1127, test=1409
2026-03-09 11:10:17 | INFO | main | Running fail-fast feature checks
2026-03-09 11:10:17 | INFO | main | Building feature preprocessor (unfitted)
2026-03-09 11:10:17 | INFO | main | Training model (fit only on TRAIN split)
2026-03-09 11:10:37 | INFO | main | Saving model artifact to: models/model.joblib
2026-03-09 11:10:37 | INFO | main | Evaluating on VAL split
2026-03-09 11:10:37 | INFO | main | Validation metric = 0.5921787709497207
2026-03-09 11:10:37 | INFO | main | Running inference on TEST sample and saving predictions
2026-03-09 11:10:37 | INFO | main | Pipeline complete ✅
2026-03-23 22:06:08 | INFO | main | Starting pipeline
2026-03-23 22:06:08 | INFO | main | Ensured directory exists: data/raw
2026-03-23 22:06:08 | INFO | main | Ensured directory exists: data/processed
2026-03-23 22:06:08 | INFO | main | Ensured directory exists: models
2026-03-23 22:06:08 | INFO | main | Ensured directory exists: reports
2026-03-23 22:06:08 | INFO | main | Ensured directory exists: logs
2026-03-23 22:06:08 | INFO | main | Telco dataset detected. Switching SETTINGS to Telco schema.
2026-03-23 22:06:08 | INFO | main | Loading raw data from: data/raw/WA_Fn-UseC_-Telco-Customer-Churn.csv
2026-03-23 22:06:08 | INFO | main | Raw shape: (8, 3)
2026-03-23 22:06:08 | INFO | main | Cleaning data (target=Churn)
2026-03-23 22:06:08 | INFO | main | Clean shape: (8, 3)
2026-03-23 22:06:08 | INFO | main | Saving processed data to: /private/var/folders/dz/mp6v9x4n2y30h186jvh_7lh40000gn/T/pytest-of-juanjose/pytest-10/test_main_orchestrates_and_wri0/clean.csv
2026-03-23 22:06:08 | INFO | main | Validating required columns: ['PaperlessBilling', 'TotalCharges', 'StreamingTV', 'Dependents', 'Partner', 'OnlineSecurity', 'OnlineBackup', 'SeniorCitizen', 'PaymentMethod', 'Contract', 'PhoneService', 'Churn', 'MonthlyCharges', 'DeviceProtection', 'tenure', 'InternetService', 'TechSupport', 'MultipleLines', 'StreamingMovies', 'gender']
2026-03-23 22:06:08 | ERROR | main | Pipeline failed: test_main_orchestrates_and_writes_artifacts.<locals>.validate_dataframe() got an unexpected keyword argument 'df'
Traceback (most recent call last):
  File "/Users/juanjose/Library/CloudStorage/GoogleDrive-jj.rincon@student.ie.edu/My Drive/term 2/MLops/1-mlops-kickoff-repo/src/main.py", line 199, in main
    validate_dataframe(df=df_clean, schema=schema, target_config=target_config)
TypeError: test_main_orchestrates_and_writes_artifacts.<locals>.validate_dataframe() got an unexpected keyword argument 'df'
2026-03-23 22:06:31 | INFO | main | Starting pipeline
2026-03-23 22:06:31 | INFO | main | Ensured directory exists: data/raw
2026-03-23 22:06:31 | INFO | main | Ensured directory exists: data/processed
2026-03-23 22:06:31 | INFO | main | Ensured directory exists: models
2026-03-23 22:06:31 | INFO | main | Ensured directory exists: reports
2026-03-23 22:06:31 | INFO | main | Ensured directory exists: logs
2026-03-23 22:06:31 | INFO | main | Telco dataset detected. Switching SETTINGS to Telco schema.
2026-03-23 22:06:31 | INFO | main | Loading raw data from: data/raw/WA_Fn-UseC_-Telco-Customer-Churn.csv
2026-03-23 22:06:31 | INFO | main | Raw shape: (8, 3)
2026-03-23 22:06:31 | INFO | main | Cleaning data (target=Churn)
2026-03-23 22:06:31 | INFO | main | Clean shape: (8, 3)
2026-03-23 22:06:31 | INFO | main | Saving processed data to: /private/var/folders/dz/mp6v9x4n2y30h186jvh_7lh40000gn/T/pytest-of-juanjose/pytest-11/test_main_orchestrates_and_wri0/clean.csv
2026-03-23 22:06:31 | INFO | main | Validating required columns: ['InternetService', 'PaperlessBilling', 'Partner', 'MonthlyCharges', 'MultipleLines', 'StreamingTV', 'Churn', 'OnlineSecurity', 'PhoneService', 'OnlineBackup', 'SeniorCitizen', 'TechSupport', 'gender', 'PaymentMethod', 'Contract', 'DeviceProtection', 'StreamingMovies', 'TotalCharges', 'tenure', 'Dependents']
2026-03-23 22:06:31 | ERROR | main | Pipeline failed: test_main_orchestrates_and_writes_artifacts.<locals>.validate_dataframe() got an unexpected keyword argument 'df'
Traceback (most recent call last):
  File "/Users/juanjose/Library/CloudStorage/GoogleDrive-jj.rincon@student.ie.edu/My Drive/term 2/MLops/1-mlops-kickoff-repo/src/main.py", line 199, in main
    validate_dataframe(df=df_clean, schema=schema, target_config=target_config)
TypeError: test_main_orchestrates_and_writes_artifacts.<locals>.validate_dataframe() got an unexpected keyword argument 'df'
2026-03-23 22:07:16 | INFO | main | Starting pipeline
2026-03-23 22:07:16 | INFO | main | Ensured directory exists: data/raw
2026-03-23 22:07:16 | INFO | main | Ensured directory exists: data/processed
2026-03-23 22:07:16 | INFO | main | Ensured directory exists: models
2026-03-23 22:07:16 | INFO | main | Ensured directory exists: reports
2026-03-23 22:07:16 | INFO | main | Ensured directory exists: logs
2026-03-23 22:07:16 | INFO | main | Telco dataset detected. Switching SETTINGS to Telco schema.
2026-03-23 22:07:16 | INFO | main | Loading raw data from: data/raw/WA_Fn-UseC_-Telco-Customer-Churn.csv
2026-03-23 22:07:16 | INFO | main | Raw shape: (8, 3)
2026-03-23 22:07:16 | INFO | main | Cleaning data (target=Churn)
2026-03-23 22:07:16 | INFO | main | Clean shape: (8, 3)
2026-03-23 22:07:16 | INFO | main | Saving processed data to: /private/var/folders/dz/mp6v9x4n2y30h186jvh_7lh40000gn/T/pytest-of-juanjose/pytest-12/test_main_orchestrates_and_wri0/clean.csv
2026-03-23 22:07:16 | INFO | main | Validating required columns: ['Contract', 'SeniorCitizen', 'PaymentMethod', 'gender', 'PhoneService', 'TechSupport', 'InternetService', 'Dependents', 'OnlineBackup', 'Churn', 'Partner', 'tenure', 'TotalCharges', 'PaperlessBilling', 'StreamingTV', 'MultipleLines', 'OnlineSecurity', 'MonthlyCharges', 'StreamingMovies', 'DeviceProtection']
2026-03-23 22:07:16 | ERROR | main | Pipeline failed: test_main_orchestrates_and_writes_artifacts.<locals>.validate_dataframe() got an unexpected keyword argument 'df'
Traceback (most recent call last):
  File "/Users/juanjose/Library/CloudStorage/GoogleDrive-jj.rincon@student.ie.edu/My Drive/term 2/MLops/1-mlops-kickoff-repo/src/main.py", line 199, in main
    validate_dataframe(df=df_clean, schema=schema, target_config=target_config)
TypeError: test_main_orchestrates_and_writes_artifacts.<locals>.validate_dataframe() got an unexpected keyword argument 'df'
2026-03-23 22:07:31 | INFO | main | Starting pipeline
2026-03-23 22:07:31 | INFO | main | Ensured directory exists: data/raw
2026-03-23 22:07:31 | INFO | main | Ensured directory exists: data/processed
2026-03-23 22:07:31 | INFO | main | Ensured directory exists: models
2026-03-23 22:07:31 | INFO | main | Ensured directory exists: reports
2026-03-23 22:07:31 | INFO | main | Ensured directory exists: logs
2026-03-23 22:07:31 | INFO | main | Telco dataset detected. Switching SETTINGS to Telco schema.
2026-03-23 22:07:31 | INFO | main | Loading raw data from: data/raw/WA_Fn-UseC_-Telco-Customer-Churn.csv
2026-03-23 22:07:31 | INFO | main | Raw shape: (8, 3)
2026-03-23 22:07:31 | INFO | main | Cleaning data (target=Churn)
2026-03-23 22:07:31 | INFO | main | Clean shape: (8, 3)
2026-03-23 22:07:31 | INFO | main | Saving processed data to: /private/var/folders/dz/mp6v9x4n2y30h186jvh_7lh40000gn/T/pytest-of-juanjose/pytest-13/test_main_orchestrates_and_wri0/clean.csv
2026-03-23 22:07:31 | INFO | main | Validating required columns: ['OnlineBackup', 'PaperlessBilling', 'TechSupport', 'SeniorCitizen', 'MonthlyCharges', 'tenure', 'gender', 'Contract', 'StreamingMovies', 'DeviceProtection', 'PhoneService', 'InternetService', 'Dependents', 'StreamingTV', 'OnlineSecurity', 'TotalCharges', 'Partner', 'Churn', 'MultipleLines', 'PaymentMethod']
2026-03-23 22:07:31 | ERROR | main | Pipeline failed: Missing columns: ['gender', 'SeniorCitizen', 'Partner', 'Dependents', 'tenure', 'PhoneService', 'MultipleLines', 'InternetService', 'OnlineSecurity', 'OnlineBackup', 'DeviceProtection', 'TechSupport', 'StreamingTV', 'StreamingMovies', 'Contract', 'PaperlessBilling', 'PaymentMethod', 'MonthlyCharges', 'TotalCharges']
Traceback (most recent call last):
  File "/Users/juanjose/Library/CloudStorage/GoogleDrive-jj.rincon@student.ie.edu/My Drive/term 2/MLops/1-mlops-kickoff-repo/src/main.py", line 199, in main
    validate_dataframe(df=df_clean, schema=schema, target_config=target_config)
  File "/Users/juanjose/Library/CloudStorage/GoogleDrive-jj.rincon@student.ie.edu/My Drive/term 2/MLops/1-mlops-kickoff-repo/tests/test_main.py", line 65, in validate_dataframe
    raise ValueError(f"Missing columns: {missing}")
ValueError: Missing columns: ['gender', 'SeniorCitizen', 'Partner', 'Dependents', 'tenure', 'PhoneService', 'MultipleLines', 'InternetService', 'OnlineSecurity', 'OnlineBackup', 'DeviceProtection', 'TechSupport', 'StreamingTV', 'StreamingMovies', 'Contract', 'PaperlessBilling', 'PaymentMethod', 'MonthlyCharges', 'TotalCharges']
2026-03-23 22:07:46 | INFO | main | Starting pipeline
2026-03-23 22:07:46 | INFO | main | Ensured directory exists: data/raw
2026-03-23 22:07:46 | INFO | main | Ensured directory exists: data/processed
2026-03-23 22:07:46 | INFO | main | Ensured directory exists: models
2026-03-23 22:07:46 | INFO | main | Ensured directory exists: reports
2026-03-23 22:07:46 | INFO | main | Ensured directory exists: logs
2026-03-23 22:07:46 | INFO | main | Telco dataset detected. Switching SETTINGS to Telco schema.
2026-03-23 22:07:46 | INFO | main | Loading raw data from: data/raw/WA_Fn-UseC_-Telco-Customer-Churn.csv
2026-03-23 22:07:46 | INFO | main | Raw shape: (8, 3)
2026-03-23 22:07:46 | INFO | main | Cleaning data (target=Churn)
2026-03-23 22:07:46 | INFO | main | Clean shape: (8, 3)
2026-03-23 22:07:46 | INFO | main | Saving processed data to: /private/var/folders/dz/mp6v9x4n2y30h186jvh_7lh40000gn/T/pytest-of-juanjose/pytest-14/test_main_orchestrates_and_wri0/clean.csv
2026-03-23 22:07:46 | INFO | main | Validating required columns: ['Dependents', 'MonthlyCharges', 'tenure', 'StreamingMovies', 'OnlineBackup', 'InternetService', 'PaymentMethod', 'StreamingTV', 'Partner', 'SeniorCitizen', 'TechSupport', 'PaperlessBilling', 'DeviceProtection', 'TotalCharges', 'Churn', 'Contract', 'PhoneService', 'MultipleLines', 'gender', 'OnlineSecurity']
2026-03-23 22:07:46 | ERROR | main | Pipeline failed: Missing columns: ['gender', 'SeniorCitizen', 'Partner', 'Dependents', 'tenure', 'PhoneService', 'MultipleLines', 'InternetService', 'OnlineSecurity', 'OnlineBackup', 'DeviceProtection', 'TechSupport', 'StreamingTV', 'StreamingMovies', 'Contract', 'PaperlessBilling', 'PaymentMethod', 'MonthlyCharges', 'TotalCharges']
Traceback (most recent call last):
  File "/Users/juanjose/Library/CloudStorage/GoogleDrive-jj.rincon@student.ie.edu/My Drive/term 2/MLops/1-mlops-kickoff-repo/src/main.py", line 199, in main
    validate_dataframe(df=df_clean, schema=schema, target_config=target_config)
  File "/Users/juanjose/Library/CloudStorage/GoogleDrive-jj.rincon@student.ie.edu/My Drive/term 2/MLops/1-mlops-kickoff-repo/tests/test_main.py", line 65, in validate_dataframe
    raise ValueError(f"Missing columns: {missing}")
ValueError: Missing columns: ['gender', 'SeniorCitizen', 'Partner', 'Dependents', 'tenure', 'PhoneService', 'MultipleLines', 'InternetService', 'OnlineSecurity', 'OnlineBackup', 'DeviceProtection', 'TechSupport', 'StreamingTV', 'StreamingMovies', 'Contract', 'PaperlessBilling', 'PaymentMethod', 'MonthlyCharges', 'TotalCharges']
2026-03-23 22:08:25 | INFO | main | Starting pipeline
2026-03-23 22:08:25 | INFO | main | Ensured directory exists: data/raw
2026-03-23 22:08:25 | INFO | main | Ensured directory exists: data/processed
2026-03-23 22:08:25 | INFO | main | Ensured directory exists: models
2026-03-23 22:08:25 | INFO | main | Ensured directory exists: reports
2026-03-23 22:08:25 | INFO | main | Ensured directory exists: logs
2026-03-23 22:08:25 | INFO | main | Telco dataset detected. Switching SETTINGS to Telco schema.
2026-03-23 22:08:25 | INFO | main | Loading raw data from: data/raw/WA_Fn-UseC_-Telco-Customer-Churn.csv
2026-03-23 22:08:25 | INFO | main | Raw shape: (8, 3)
2026-03-23 22:08:25 | INFO | main | Cleaning data (target=Churn)
2026-03-23 22:08:25 | INFO | main | Clean shape: (8, 3)
2026-03-23 22:08:25 | INFO | main | Saving processed data to: /private/var/folders/dz/mp6v9x4n2y30h186jvh_7lh40000gn/T/pytest-of-juanjose/pytest-15/test_main_orchestrates_and_wri0/clean.csv
2026-03-23 22:08:25 | INFO | main | Validating required columns: ['Contract', 'gender', 'MultipleLines', 'OnlineBackup', 'StreamingTV', 'PaymentMethod', 'Dependents', 'TotalCharges', 'DeviceProtection', 'PaperlessBilling', 'StreamingMovies', 'PhoneService', 'InternetService', 'TechSupport', 'SeniorCitizen', 'Partner', 'MonthlyCharges', 'Churn', 'tenure', 'OnlineSecurity']
2026-03-23 22:08:25 | INFO | main | Splitting data into Train/Val/Test (leakage-safe)
2026-03-23 22:08:25 | ERROR | main | Pipeline failed: "['Churn'] not found in axis"
Traceback (most recent call last):
  File "/Users/juanjose/Library/CloudStorage/GoogleDrive-jj.rincon@student.ie.edu/My Drive/term 2/MLops/1-mlops-kickoff-repo/src/main.py", line 203, in main
    X_all = df_clean.drop(columns=[target_col])
            ^^^^^^^^^^^^^^^^^^^^^^^^^^^^^^^^^^^
  File "/Library/Frameworks/Python.framework/Versions/3.12/lib/python3.12/site-packages/pandas/core/frame.py", line 5603, in drop
    return super().drop(
           ^^^^^^^^^^^^^
  File "/Library/Frameworks/Python.framework/Versions/3.12/lib/python3.12/site-packages/pandas/core/generic.py", line 4810, in drop
    obj = obj._drop_axis(labels, axis, level=level, errors=errors)
          ^^^^^^^^^^^^^^^^^^^^^^^^^^^^^^^^^^^^^^^^^^^^^^^^^^^^^^^^
  File "/Library/Frameworks/Python.framework/Versions/3.12/lib/python3.12/site-packages/pandas/core/generic.py", line 4852, in _drop_axis
    new_axis = axis.drop(labels, errors=errors)
               ^^^^^^^^^^^^^^^^^^^^^^^^^^^^^^^^
  File "/Library/Frameworks/Python.framework/Versions/3.12/lib/python3.12/site-packages/pandas/core/indexes/base.py", line 7136, in drop
    raise KeyError(f"{labels[mask].tolist()} not found in axis")
KeyError: "['Churn'] not found in axis"
2026-03-23 22:09:10 | INFO | main | Starting pipeline
2026-03-23 22:09:10 | INFO | main | Ensured directory exists: data/raw
2026-03-23 22:09:10 | INFO | main | Ensured directory exists: data/processed
2026-03-23 22:09:10 | INFO | main | Ensured directory exists: models
2026-03-23 22:09:10 | INFO | main | Ensured directory exists: reports
2026-03-23 22:09:10 | INFO | main | Ensured directory exists: logs
2026-03-23 22:09:10 | INFO | main | Telco dataset detected. Switching SETTINGS to Telco schema.
2026-03-23 22:09:10 | INFO | main | Loading raw data from: data/raw/WA_Fn-UseC_-Telco-Customer-Churn.csv
2026-03-23 22:09:10 | INFO | main | Raw shape: (8, 3)
2026-03-23 22:09:10 | INFO | main | Cleaning data (target=Churn)
2026-03-23 22:09:10 | INFO | main | Clean shape: (8, 3)
2026-03-23 22:09:10 | INFO | main | Saving processed data to: /private/var/folders/dz/mp6v9x4n2y30h186jvh_7lh40000gn/T/pytest-of-juanjose/pytest-16/test_main_orchestrates_and_wri0/clean.csv
2026-03-23 22:09:10 | INFO | main | Validating required columns: ['TechSupport', 'OnlineBackup', 'MultipleLines', 'StreamingMovies', 'PaperlessBilling', 'TotalCharges', 'tenure', 'StreamingTV', 'gender', 'InternetService', 'Churn', 'DeviceProtection', 'MonthlyCharges', 'SeniorCitizen', 'PhoneService', 'Dependents', 'Partner', 'OnlineSecurity', 'PaymentMethod', 'Contract']
2026-03-23 22:09:10 | INFO | main | Splitting data into Train/Val/Test (leakage-safe)
2026-03-23 22:09:10 | ERROR | main | Pipeline failed: "['Churn'] not found in axis"
Traceback (most recent call last):
  File "/Users/juanjose/Library/CloudStorage/GoogleDrive-jj.rincon@student.ie.edu/My Drive/term 2/MLops/1-mlops-kickoff-repo/src/main.py", line 203, in main
    X_all = df_clean.drop(columns=[target_col])
            ^^^^^^^^^^^^^^^^^^^^^^^^^^^^^^^^^^^
  File "/Library/Frameworks/Python.framework/Versions/3.12/lib/python3.12/site-packages/pandas/core/frame.py", line 5603, in drop
    return super().drop(
           ^^^^^^^^^^^^^
  File "/Library/Frameworks/Python.framework/Versions/3.12/lib/python3.12/site-packages/pandas/core/generic.py", line 4810, in drop
    obj = obj._drop_axis(labels, axis, level=level, errors=errors)
          ^^^^^^^^^^^^^^^^^^^^^^^^^^^^^^^^^^^^^^^^^^^^^^^^^^^^^^^^
  File "/Library/Frameworks/Python.framework/Versions/3.12/lib/python3.12/site-packages/pandas/core/generic.py", line 4852, in _drop_axis
    new_axis = axis.drop(labels, errors=errors)
               ^^^^^^^^^^^^^^^^^^^^^^^^^^^^^^^^
  File "/Library/Frameworks/Python.framework/Versions/3.12/lib/python3.12/site-packages/pandas/core/indexes/base.py", line 7136, in drop
    raise KeyError(f"{labels[mask].tolist()} not found in axis")
KeyError: "['Churn'] not found in axis"
2026-03-23 22:16:18 | INFO | main | Starting pipeline
2026-03-23 22:16:18 | INFO | main | Ensured directory exists: data/raw
2026-03-23 22:16:18 | INFO | main | Ensured directory exists: data/processed
2026-03-23 22:16:18 | INFO | main | Ensured directory exists: models
2026-03-23 22:16:18 | INFO | main | Ensured directory exists: reports
2026-03-23 22:16:18 | INFO | main | Ensured directory exists: logs
2026-03-23 22:16:18 | INFO | main | Telco dataset detected. Switching SETTINGS to Telco schema.
2026-03-23 22:16:18 | INFO | main | Loading raw data from: data/raw/WA_Fn-UseC_-Telco-Customer-Churn.csv
2026-03-23 22:16:18 | INFO | main | Raw shape: (8, 3)
2026-03-23 22:16:18 | INFO | main | Cleaning data (target=Churn)
2026-03-23 22:16:18 | INFO | main | Clean shape: (8, 3)
2026-03-23 22:16:18 | INFO | main | Saving processed data to: /private/var/folders/dz/mp6v9x4n2y30h186jvh_7lh40000gn/T/pytest-of-juanjose/pytest-17/test_main_orchestrates_and_wri0/clean.csv
2026-03-23 22:16:18 | INFO | main | Validating required columns: ['OnlineBackup', 'Partner', 'MonthlyCharges', 'Dependents', 'PhoneService', 'MultipleLines', 'StreamingMovies', 'Churn', 'InternetService', 'TotalCharges', 'PaymentMethod', 'tenure', 'TechSupport', 'StreamingTV', 'Contract', 'SeniorCitizen', 'OnlineSecurity', 'PaperlessBilling', 'DeviceProtection', 'gender']
2026-03-23 22:16:18 | INFO | main | Splitting data into Train/Val/Test (leakage-safe)
2026-03-23 22:16:18 | ERROR | main | Pipeline failed: "['Churn'] not found in axis"
Traceback (most recent call last):
  File "/Users/juanjose/Library/CloudStorage/GoogleDrive-jj.rincon@student.ie.edu/My Drive/term 2/MLops/1-mlops-kickoff-repo/src/main.py", line 203, in main
    X_all = df_clean.drop(columns=[target_col])
            ^^^^^^^^^^^^^^^^^^^^^^^^^^^^^^^^^^^
  File "/Library/Frameworks/Python.framework/Versions/3.12/lib/python3.12/site-packages/pandas/core/frame.py", line 5603, in drop
    return super().drop(
           ^^^^^^^^^^^^^
  File "/Library/Frameworks/Python.framework/Versions/3.12/lib/python3.12/site-packages/pandas/core/generic.py", line 4810, in drop
    obj = obj._drop_axis(labels, axis, level=level, errors=errors)
          ^^^^^^^^^^^^^^^^^^^^^^^^^^^^^^^^^^^^^^^^^^^^^^^^^^^^^^^^
  File "/Library/Frameworks/Python.framework/Versions/3.12/lib/python3.12/site-packages/pandas/core/generic.py", line 4852, in _drop_axis
    new_axis = axis.drop(labels, errors=errors)
               ^^^^^^^^^^^^^^^^^^^^^^^^^^^^^^^^
  File "/Library/Frameworks/Python.framework/Versions/3.12/lib/python3.12/site-packages/pandas/core/indexes/base.py", line 7136, in drop
    raise KeyError(f"{labels[mask].tolist()} not found in axis")
KeyError: "['Churn'] not found in axis"
2026-03-23 22:18:54 | INFO | main | Starting pipeline
2026-03-23 22:18:54 | INFO | main | Ensured directory exists: data/raw
2026-03-23 22:18:54 | INFO | main | Ensured directory exists: data/processed
2026-03-23 22:18:54 | INFO | main | Ensured directory exists: models
2026-03-23 22:18:54 | INFO | main | Ensured directory exists: reports
2026-03-23 22:18:54 | INFO | main | Ensured directory exists: logs
2026-03-23 22:18:54 | INFO | main | Telco dataset detected. Switching SETTINGS to Telco schema.
2026-03-23 22:18:54 | INFO | main | Loading raw data from: data/raw/WA_Fn-UseC_-Telco-Customer-Churn.csv
2026-03-23 22:18:54 | INFO | main | Raw shape: (8, 3)
2026-03-23 22:18:54 | INFO | main | Cleaning data (target=Churn)
2026-03-23 22:18:54 | INFO | main | Clean shape: (8, 3)
2026-03-23 22:18:54 | INFO | main | Saving processed data to: /private/var/folders/dz/mp6v9x4n2y30h186jvh_7lh40000gn/T/pytest-of-juanjose/pytest-18/test_main_orchestrates_and_wri0/clean.csv
2026-03-23 22:18:54 | INFO | main | Validating required columns: ['Dependents', 'Contract', 'PhoneService', 'gender', 'OnlineBackup', 'StreamingMovies', 'InternetService', 'MultipleLines', 'StreamingTV', 'OnlineSecurity', 'MonthlyCharges', 'TechSupport', 'PaperlessBilling', 'tenure', 'Churn', 'TotalCharges', 'PaymentMethod', 'DeviceProtection', 'SeniorCitizen', 'Partner']
2026-03-23 22:18:54 | ERROR | main | Pipeline failed: test_main_orchestrates_and_writes_artifacts.<locals>.validate_dataframe() got an unexpected keyword argument 'df'
Traceback (most recent call last):
  File "/Users/juanjose/Library/CloudStorage/GoogleDrive-jj.rincon@student.ie.edu/My Drive/term 2/MLops/1-mlops-kickoff-repo/src/main.py", line 199, in main
    validate_dataframe(df=df_clean, schema=schema, target_config=target_config)
TypeError: test_main_orchestrates_and_writes_artifacts.<locals>.validate_dataframe() got an unexpected keyword argument 'df'
2026-03-23 22:19:25 | INFO | main | Starting pipeline
2026-03-23 22:19:25 | INFO | main | Ensured directory exists: data/raw
2026-03-23 22:19:25 | INFO | main | Ensured directory exists: data/processed
2026-03-23 22:19:25 | INFO | main | Ensured directory exists: models
2026-03-23 22:19:25 | INFO | main | Ensured directory exists: reports
2026-03-23 22:19:25 | INFO | main | Ensured directory exists: logs
2026-03-23 22:19:25 | INFO | main | Telco dataset detected. Switching SETTINGS to Telco schema.
2026-03-23 22:19:25 | INFO | main | Loading raw data from: data/raw/WA_Fn-UseC_-Telco-Customer-Churn.csv
2026-03-23 22:19:25 | INFO | main | Raw shape: (8, 3)
2026-03-23 22:19:25 | INFO | main | Cleaning data (target=Churn)
2026-03-23 22:19:25 | INFO | main | Clean shape: (8, 3)
2026-03-23 22:19:25 | INFO | main | Saving processed data to: /private/var/folders/dz/mp6v9x4n2y30h186jvh_7lh40000gn/T/pytest-of-juanjose/pytest-19/test_main_orchestrates_and_wri0/clean.csv
2026-03-23 22:19:25 | INFO | main | Validating required columns: ['tenure', 'Churn', 'PaymentMethod', 'InternetService', 'Partner', 'Contract', 'OnlineBackup', 'SeniorCitizen', 'StreamingMovies', 'PaperlessBilling', 'TechSupport', 'DeviceProtection', 'OnlineSecurity', 'MonthlyCharges', 'Dependents', 'TotalCharges', 'PhoneService', 'MultipleLines', 'gender', 'StreamingTV']
2026-03-23 22:19:25 | ERROR | main | Pipeline failed: test_main_orchestrates_and_writes_artifacts.<locals>.validate_dataframe() got an unexpected keyword argument 'df'
Traceback (most recent call last):
  File "/Users/juanjose/Library/CloudStorage/GoogleDrive-jj.rincon@student.ie.edu/My Drive/term 2/MLops/1-mlops-kickoff-repo/src/main.py", line 199, in main
    validate_dataframe(df=df_clean, schema=schema, target_config=target_config)
TypeError: test_main_orchestrates_and_writes_artifacts.<locals>.validate_dataframe() got an unexpected keyword argument 'df'
2026-03-23 22:54:37 | INFO | main | Starting pipeline
2026-03-23 22:54:37 | INFO | main | Ensured directory exists: data/raw
2026-03-23 22:54:37 | INFO | main | Ensured directory exists: data/processed
2026-03-23 22:54:37 | INFO | main | Ensured directory exists: models
2026-03-23 22:54:37 | INFO | main | Ensured directory exists: reports
2026-03-23 22:54:37 | INFO | main | Ensured directory exists: logs
2026-03-23 22:54:37 | INFO | main | Telco dataset detected. Switching SETTINGS to Telco schema.
2026-03-23 22:54:37 | INFO | main | Loading raw data from: data/raw/WA_Fn-UseC_-Telco-Customer-Churn.csv
2026-03-23 22:54:37 | INFO | main | Raw shape: (8, 3)
2026-03-23 22:54:37 | INFO | main | Cleaning data (target=Churn)
2026-03-23 22:54:37 | INFO | main | Clean shape: (8, 3)
2026-03-23 22:54:37 | INFO | main | Saving processed data to: /private/var/folders/dz/mp6v9x4n2y30h186jvh_7lh40000gn/T/pytest-of-juanjose/pytest-20/test_main_orchestrates_and_wri0/clean.csv
2026-03-23 22:54:37 | INFO | main | Validating required columns: ['TotalCharges', 'OnlineBackup', 'Contract', 'Churn', 'TechSupport', 'Dependents', 'Partner', 'MultipleLines', 'MonthlyCharges', 'SeniorCitizen', 'OnlineSecurity', 'PaymentMethod', 'StreamingMovies', 'tenure', 'DeviceProtection', 'StreamingTV', 'gender', 'PhoneService', 'InternetService', 'PaperlessBilling']
2026-03-23 22:54:37 | ERROR | main | Pipeline failed: test_main_orchestrates_and_writes_artifacts.<locals>.validate_dataframe() got an unexpected keyword argument 'df'
Traceback (most recent call last):
  File "/Users/juanjose/Library/CloudStorage/GoogleDrive-jj.rincon@student.ie.edu/My Drive/term 2/MLops/1-mlops-kickoff-repo/src/main.py", line 207, in main
    validate_dataframe(
TypeError: test_main_orchestrates_and_writes_artifacts.<locals>.validate_dataframe() got an unexpected keyword argument 'df'
2026-03-23 22:55:06 | INFO | main | Starting pipeline
2026-03-23 22:55:06 | INFO | main | Ensured directory exists: data/raw
2026-03-23 22:55:06 | INFO | main | Ensured directory exists: data/processed
2026-03-23 22:55:06 | INFO | main | Ensured directory exists: models
2026-03-23 22:55:06 | INFO | main | Ensured directory exists: reports
2026-03-23 22:55:06 | INFO | main | Ensured directory exists: logs
2026-03-23 22:55:06 | INFO | main | Telco dataset detected. Switching SETTINGS to Telco schema.
2026-03-23 22:55:06 | INFO | main | Loading raw data from: data/raw/WA_Fn-UseC_-Telco-Customer-Churn.csv
2026-03-23 22:55:06 | INFO | main | Raw shape: (8, 3)
2026-03-23 22:55:06 | INFO | main | Cleaning data (target=Churn)
2026-03-23 22:55:06 | INFO | main | Clean shape: (8, 3)
2026-03-23 22:55:06 | INFO | main | Saving processed data to: /private/var/folders/dz/mp6v9x4n2y30h186jvh_7lh40000gn/T/pytest-of-juanjose/pytest-21/test_main_orchestrates_and_wri0/clean.csv
2026-03-23 22:55:06 | INFO | main | Validating required columns: ['StreamingTV', 'MonthlyCharges', 'TechSupport', 'Partner', 'gender', 'OnlineSecurity', 'DeviceProtection', 'PhoneService', 'OnlineBackup', 'InternetService', 'Contract', 'MultipleLines', 'TotalCharges', 'Dependents', 'Churn', 'PaymentMethod', 'PaperlessBilling', 'tenure', 'SeniorCitizen', 'StreamingMovies']
2026-03-23 22:55:06 | INFO | main | Splitting data into Train/Val/Test (leakage-safe)
2026-03-23 22:55:06 | ERROR | main | Pipeline failed: "['Churn'] not found in axis"
Traceback (most recent call last):
  File "/Users/juanjose/Library/CloudStorage/GoogleDrive-jj.rincon@student.ie.edu/My Drive/term 2/MLops/1-mlops-kickoff-repo/src/main.py", line 213, in main
    X_all = df_clean.drop(columns=[target_col])
            ^^^^^^^^^^^^^^^^^^^^^^^^^^^^^^^^^^^
  File "/Library/Frameworks/Python.framework/Versions/3.12/lib/python3.12/site-packages/pandas/core/frame.py", line 5603, in drop
    return super().drop(
           ^^^^^^^^^^^^^
  File "/Library/Frameworks/Python.framework/Versions/3.12/lib/python3.12/site-packages/pandas/core/generic.py", line 4810, in drop
    obj = obj._drop_axis(labels, axis, level=level, errors=errors)
          ^^^^^^^^^^^^^^^^^^^^^^^^^^^^^^^^^^^^^^^^^^^^^^^^^^^^^^^^
  File "/Library/Frameworks/Python.framework/Versions/3.12/lib/python3.12/site-packages/pandas/core/generic.py", line 4852, in _drop_axis
    new_axis = axis.drop(labels, errors=errors)
               ^^^^^^^^^^^^^^^^^^^^^^^^^^^^^^^^
  File "/Library/Frameworks/Python.framework/Versions/3.12/lib/python3.12/site-packages/pandas/core/indexes/base.py", line 7136, in drop
    raise KeyError(f"{labels[mask].tolist()} not found in axis")
KeyError: "['Churn'] not found in axis"
2026-03-23 22:57:35 | INFO | main | Starting pipeline
2026-03-23 22:57:35 | INFO | main | Ensured directory exists: data/raw
2026-03-23 22:57:35 | INFO | main | Ensured directory exists: data/processed
2026-03-23 22:57:35 | INFO | main | Ensured directory exists: models
2026-03-23 22:57:35 | INFO | main | Ensured directory exists: reports
2026-03-23 22:57:35 | INFO | main | Ensured directory exists: logs
2026-03-23 22:57:35 | WARNING | main | Running EXAMPLE config (dummy dataset schema). To use real data, update SETTINGS.
2026-03-23 22:57:35 | INFO | main | Loading raw data from: /private/var/folders/dz/mp6v9x4n2y30h186jvh_7lh40000gn/T/pytest-of-juanjose/pytest-22/test_main_orchestrates_and_wri0/dataset.csv
2026-03-23 22:57:35 | INFO | main | Raw shape: (8, 3)
2026-03-23 22:57:35 | INFO | main | Cleaning data (target=target)
2026-03-23 22:57:35 | INFO | main | Clean shape: (8, 3)
2026-03-23 22:57:35 | INFO | main | Saving processed data to: /private/var/folders/dz/mp6v9x4n2y30h186jvh_7lh40000gn/T/pytest-of-juanjose/pytest-22/test_main_orchestrates_and_wri0/clean.csv
2026-03-23 22:57:35 | ERROR | main | Pipeline failed: 'schema'
Traceback (most recent call last):
  File "/Users/juanjose/Library/CloudStorage/GoogleDrive-jj.rincon@student.ie.edu/My Drive/term 2/MLops/1-mlops-kickoff-repo/src/main.py", line 202, in main
    schema = SETTINGS['schema']
             ~~~~~~~~^^^^^^^^^^
KeyError: 'schema'
2026-03-23 22:58:07 | INFO | main | Starting pipeline
2026-03-23 22:58:07 | INFO | main | Ensured directory exists: data/raw
2026-03-23 22:58:07 | INFO | main | Ensured directory exists: data/processed
2026-03-23 22:58:07 | INFO | main | Ensured directory exists: models
2026-03-23 22:58:07 | INFO | main | Ensured directory exists: reports
2026-03-23 22:58:07 | INFO | main | Ensured directory exists: logs
2026-03-23 22:58:07 | WARNING | main | Running EXAMPLE config (dummy dataset schema). To use real data, update SETTINGS.
2026-03-23 22:58:07 | INFO | main | Loading raw data from: /private/var/folders/dz/mp6v9x4n2y30h186jvh_7lh40000gn/T/pytest-of-juanjose/pytest-23/test_main_orchestrates_and_wri0/dataset.csv
2026-03-23 22:58:07 | INFO | main | Raw shape: (8, 3)
2026-03-23 22:58:07 | INFO | main | Cleaning data (target=target)
2026-03-23 22:58:07 | INFO | main | Clean shape: (8, 3)
2026-03-23 22:58:07 | INFO | main | Saving processed data to: /private/var/folders/dz/mp6v9x4n2y30h186jvh_7lh40000gn/T/pytest-of-juanjose/pytest-23/test_main_orchestrates_and_wri0/clean.csv
2026-03-23 22:58:07 | INFO | main | Validating required columns: ['cat_feature', 'num_feature', 'target']
2026-03-23 22:58:07 | INFO | main | Splitting data into Train/Val/Test (leakage-safe)
2026-03-23 22:58:07 | INFO | main | Split sizes -> train=4, val=2, test=2
2026-03-23 22:58:07 | INFO | main | Running fail-fast feature checks
2026-03-23 22:58:07 | INFO | main | Building feature preprocessor (unfitted)
2026-03-23 22:58:07 | INFO | main | Training model (fit only on TRAIN split)
2026-03-23 22:58:07 | INFO | main | Saving model artifact to: /private/var/folders/dz/mp6v9x4n2y30h186jvh_7lh40000gn/T/pytest-of-juanjose/pytest-23/test_main_orchestrates_and_wri0/model.pkl
2026-03-23 22:58:07 | INFO | main | Evaluating on VAL split
2026-03-23 22:58:07 | INFO | main | Validation metric = 0.99
2026-03-23 22:58:07 | INFO | main | Running inference on TEST sample and saving predictions
2026-03-23 22:58:07 | INFO | main | Pipeline complete ✅
2026-03-23 23:19:13 | INFO | main | Starting pipeline
2026-03-23 23:19:13 | INFO | main | Ensured directory exists: data/raw
2026-03-23 23:19:13 | INFO | main | Ensured directory exists: data/processed
2026-03-23 23:19:13 | INFO | main | Ensured directory exists: models
2026-03-23 23:19:13 | INFO | main | Ensured directory exists: reports
2026-03-23 23:19:13 | INFO | main | Ensured directory exists: logs
2026-03-23 23:19:13 | WARNING | main | Running EXAMPLE config (dummy dataset schema). To use real data, update SETTINGS.
2026-03-23 23:19:13 | INFO | main | Loading raw data from: /private/var/folders/dz/mp6v9x4n2y30h186jvh_7lh40000gn/T/pytest-of-juanjose/pytest-24/test_main_orchestrates_and_wri0/dataset.csv
2026-03-23 23:19:13 | INFO | main | Raw shape: (8, 3)
2026-03-23 23:19:13 | INFO | main | Cleaning data (target=target)
2026-03-23 23:19:13 | INFO | main | Clean shape: (8, 3)
2026-03-23 23:19:13 | INFO | main | Saving processed data to: /private/var/folders/dz/mp6v9x4n2y30h186jvh_7lh40000gn/T/pytest-of-juanjose/pytest-24/test_main_orchestrates_and_wri0/clean.csv
2026-03-23 23:19:13 | INFO | main | Validating required columns: ['target', 'num_feature', 'cat_feature']
2026-03-23 23:19:13 | INFO | main | Splitting data into Train/Val/Test (leakage-safe)
2026-03-23 23:19:13 | INFO | main | Split sizes -> train=4, val=2, test=2
2026-03-23 23:19:13 | INFO | main | Running fail-fast feature checks
2026-03-23 23:19:13 | INFO | main | Building feature preprocessor (unfitted)
2026-03-23 23:19:13 | INFO | main | Training model (fit only on TRAIN split)
2026-03-23 23:19:13 | INFO | main | Saving model artifact to: /private/var/folders/dz/mp6v9x4n2y30h186jvh_7lh40000gn/T/pytest-of-juanjose/pytest-24/test_main_orchestrates_and_wri0/model.pkl
2026-03-23 23:19:13 | INFO | main | Evaluating on VAL split
2026-03-23 23:19:13 | INFO | main | Validation metric = 0.99
2026-03-23 23:19:13 | INFO | main | Running inference on TEST sample and saving predictions
2026-03-23 23:19:13 | INFO | main | Pipeline complete ✅
2026-03-23 23:19:55 | INFO | main | Starting pipeline
2026-03-23 23:19:55 | INFO | main | Ensured directory exists: data/raw
2026-03-23 23:19:55 | INFO | main | Ensured directory exists: data/processed
2026-03-23 23:19:55 | INFO | main | Ensured directory exists: models
2026-03-23 23:19:55 | INFO | main | Ensured directory exists: reports
2026-03-23 23:19:55 | INFO | main | Ensured directory exists: logs
2026-03-23 23:19:55 | WARNING | main | Running EXAMPLE config (dummy dataset schema). To use real data, update SETTINGS.
2026-03-23 23:19:55 | INFO | main | Loading raw data from: /private/var/folders/dz/mp6v9x4n2y30h186jvh_7lh40000gn/T/pytest-of-juanjose/pytest-25/test_main_orchestrates_and_wri0/dataset.csv
2026-03-23 23:19:55 | INFO | main | Raw shape: (8, 3)
2026-03-23 23:19:55 | INFO | main | Cleaning data (target=target)
2026-03-23 23:19:55 | INFO | main | Clean shape: (8, 3)
2026-03-23 23:19:55 | INFO | main | Saving processed data to: /private/var/folders/dz/mp6v9x4n2y30h186jvh_7lh40000gn/T/pytest-of-juanjose/pytest-25/test_main_orchestrates_and_wri0/clean.csv
2026-03-23 23:19:55 | INFO | main | Validating required columns: ['num_feature', 'cat_feature', 'target']
2026-03-23 23:19:55 | INFO | main | Splitting data into Train/Val/Test (leakage-safe)
2026-03-23 23:19:55 | INFO | main | Split sizes -> train=4, val=2, test=2
2026-03-23 23:19:55 | INFO | main | Running fail-fast feature checks
2026-03-23 23:19:55 | INFO | main | Building feature preprocessor (unfitted)
2026-03-23 23:19:55 | INFO | main | Training model (fit only on TRAIN split)
2026-03-23 23:19:55 | INFO | main | Saving model artifact to: /private/var/folders/dz/mp6v9x4n2y30h186jvh_7lh40000gn/T/pytest-of-juanjose/pytest-25/test_main_orchestrates_and_wri0/model.pkl
2026-03-23 23:19:55 | INFO | main | Evaluating on VAL split
2026-03-23 23:19:55 | INFO | main | Validation metric = 0.99
2026-03-23 23:19:55 | INFO | main | Running inference on TEST sample and saving predictions
2026-03-23 23:19:55 | INFO | main | Pipeline complete ✅
2026-03-23 23:25:28 | INFO | main | Starting pipeline
2026-03-23 23:25:28 | INFO | main | Ensured directory exists: data/raw
2026-03-23 23:25:28 | INFO | main | Ensured directory exists: data/processed
2026-03-23 23:25:28 | INFO | main | Ensured directory exists: models
2026-03-23 23:25:28 | INFO | main | Ensured directory exists: reports
2026-03-23 23:25:28 | INFO | main | Ensured directory exists: logs
2026-03-23 23:25:28 | WARNING | main | Running EXAMPLE config (dummy dataset schema). To use real data, update SETTINGS.
2026-03-23 23:25:28 | INFO | main | Loading raw data from: /private/var/folders/dz/mp6v9x4n2y30h186jvh_7lh40000gn/T/pytest-of-juanjose/pytest-26/test_main_orchestrates_and_wri0/dataset.csv
2026-03-23 23:25:28 | INFO | main | Raw shape: (8, 3)
2026-03-23 23:25:28 | INFO | main | Cleaning data (target=target)
2026-03-23 23:25:28 | INFO | main | Clean shape: (8, 3)
2026-03-23 23:25:28 | INFO | main | Saving processed data to: /private/var/folders/dz/mp6v9x4n2y30h186jvh_7lh40000gn/T/pytest-of-juanjose/pytest-26/test_main_orchestrates_and_wri0/clean.csv
2026-03-23 23:25:28 | INFO | main | Validating required columns: ['num_feature', 'cat_feature', 'target']
2026-03-23 23:25:28 | INFO | main | Splitting data into Train/Val/Test (leakage-safe)
2026-03-23 23:25:28 | INFO | main | Split sizes -> train=4, val=2, test=2
2026-03-23 23:25:28 | INFO | main | Running fail-fast feature checks
2026-03-23 23:25:28 | INFO | main | Building feature preprocessor (unfitted)
2026-03-23 23:25:28 | INFO | main | Training model (fit only on TRAIN split)
2026-03-23 23:25:28 | INFO | main | Saving model artifact to: /private/var/folders/dz/mp6v9x4n2y30h186jvh_7lh40000gn/T/pytest-of-juanjose/pytest-26/test_main_orchestrates_and_wri0/model.pkl
2026-03-23 23:25:28 | INFO | main | Evaluating on VAL split
2026-03-23 23:25:28 | INFO | main | Validation metric = 0.99
2026-03-23 23:25:28 | INFO | main | Running inference on TEST sample and saving predictions
2026-03-23 23:25:28 | INFO | main | Pipeline complete ✅
2026-03-23 23:26:00 | INFO | main | Starting pipeline
2026-03-23 23:26:00 | INFO | main | Ensured directory exists: data/raw
2026-03-23 23:26:00 | INFO | main | Ensured directory exists: data/processed
2026-03-23 23:26:00 | INFO | main | Ensured directory exists: models
2026-03-23 23:26:00 | INFO | main | Ensured directory exists: reports
2026-03-23 23:26:00 | INFO | main | Ensured directory exists: logs
2026-03-23 23:26:00 | INFO | main | Telco dataset detected. Switching SETTINGS to Telco schema.
2026-03-23 23:26:00 | INFO | main | Loading raw data from: data/raw/WA_Fn-UseC_-Telco-Customer-Churn.csv
2026-03-23 23:26:00 | INFO | main | Raw shape: (7043, 21)
2026-03-23 23:26:00 | INFO | main | Cleaning data (target=Churn)
2026-03-23 23:26:00 | INFO | main | Clean shape: (7043, 20)
2026-03-23 23:26:00 | INFO | main | Saving processed data to: data/processed/clean.csv
2026-03-23 23:26:00 | INFO | main | Validating required columns: ['PhoneService', 'StreamingMovies', 'DeviceProtection', 'tenure', 'MonthlyCharges', 'OnlineBackup', 'MultipleLines', 'OnlineSecurity', 'Dependents', 'Contract', 'StreamingTV', 'PaperlessBilling', 'TechSupport', 'PaymentMethod', 'InternetService', 'gender', 'Churn', 'TotalCharges', 'SeniorCitizen', 'Partner']
2026-03-23 23:26:00 | INFO | main | Splitting data into Train/Val/Test (leakage-safe)
2026-03-23 23:26:00 | INFO | main | Split sizes -> train=4507, val=1127, test=1409
2026-03-23 23:26:00 | INFO | main | Running fail-fast feature checks
2026-03-23 23:26:00 | INFO | main | Building feature preprocessor (unfitted)
2026-03-23 23:26:00 | INFO | main | Training model (fit only on TRAIN split)
2026-03-23 23:26:23 | INFO | main | Saving model artifact to: models/model.joblib
2026-03-23 23:26:23 | INFO | main | Evaluating on VAL split
2026-03-23 23:26:23 | INFO | main | Validation metric = 0.5921787709497207
2026-03-23 23:26:23 | INFO | main | Running inference on TEST sample and saving predictions
2026-03-23 23:26:23 | INFO | main | Pipeline complete ✅
2026-03-24 14:20:53 | INFO | main | Starting pipeline
2026-03-24 14:20:53 | INFO | main | Ensured directory exists: data/raw
2026-03-24 14:20:53 | INFO | main | Ensured directory exists: data/processed
2026-03-24 14:20:53 | INFO | main | Ensured directory exists: models
2026-03-24 14:20:53 | INFO | main | Ensured directory exists: reports
2026-03-24 14:20:53 | INFO | main | Ensured directory exists: logs
2026-03-24 14:20:53 | INFO | main | Telco dataset detected. Switching SETTINGS to Telco schema.
2026-03-24 14:20:53 | INFO | main | Loading raw data from: data/raw/WA_Fn-UseC_-Telco-Customer-Churn.csv
2026-03-24 14:20:53 | INFO | main | Raw shape: (7043, 21)
2026-03-24 14:20:53 | INFO | main | Cleaning data (target=Churn)
2026-03-24 14:20:54 | INFO | main | Clean shape: (7043, 20)
2026-03-24 14:20:54 | INFO | main | Saving processed data to: data/processed/clean.csv
2026-03-24 14:20:54 | INFO | main | Validating required columns: ['StreamingTV', 'Partner', 'SeniorCitizen', 'PaymentMethod', 'gender', 'StreamingMovies', 'Contract', 'MultipleLines', 'InternetService', 'tenure', 'OnlineBackup', 'PhoneService', 'OnlineSecurity', 'MonthlyCharges', 'Churn', 'TechSupport', 'DeviceProtection', 'PaperlessBilling', 'TotalCharges', 'Dependents']
2026-03-24 14:20:54 | INFO | main | Splitting data into Train/Val/Test (leakage-safe)
2026-03-24 14:20:54 | INFO | main | Split sizes -> train=4507, val=1127, test=1409
2026-03-24 14:20:54 | INFO | main | Running fail-fast feature checks
2026-03-24 14:20:54 | INFO | main | Building feature preprocessor (unfitted)
2026-03-24 14:20:54 | INFO | main | Training model (fit only on TRAIN split)
2026-03-24 14:21:11 | INFO | main | Saving model artifact to: models/model.joblib
2026-03-24 14:21:11 | INFO | main | Evaluating on VAL split
2026-03-24 14:21:11 | INFO | main | Validation metric = 0.5921787709497207
2026-03-24 14:21:11 | INFO | main | Running inference on TEST sample and saving predictions
2026-03-24 14:21:11 | INFO | main | Pipeline complete ✅
2026-03-24 22:49:07 | INFO | file_test | Test message
2026-03-24 22:54:14 | INFO | main | Starting pipeline
2026-03-24 22:54:14 | INFO | main | Ensured directory exists: data/raw
2026-03-24 22:54:14 | INFO | main | Ensured directory exists: data/processed
2026-03-24 22:54:14 | INFO | main | Ensured directory exists: models
2026-03-24 22:54:14 | INFO | main | Ensured directory exists: reports
2026-03-24 22:54:14 | INFO | main | Ensured directory exists: logs
2026-03-24 22:54:14 | INFO | main | Loading raw data from: /private/var/folders/dz/mp6v9x4n2y30h186jvh_7lh40000gn/T/pytest-of-juanjose/pytest-31/test_main_orchestrates_and_wri0/dataset.csv
2026-03-24 22:54:14 | INFO | main | Raw shape: (8, 3)
2026-03-24 22:54:14 | INFO | main | Cleaning data (target=target)
2026-03-24 22:54:14 | INFO | main | Clean shape: (8, 3)
2026-03-24 22:54:14 | INFO | main | Validating required columns against schema
2026-03-24 22:54:14 | INFO | main | Saving processed data to: /private/var/folders/dz/mp6v9x4n2y30h186jvh_7lh40000gn/T/pytest-of-juanjose/pytest-31/test_main_orchestrates_and_wri0/clean.csv
2026-03-24 22:54:14 | INFO | main | Splitting data into Train/Test
2026-03-24 22:54:14 | INFO | main | Split sizes -> train=6, test=2
2026-03-24 22:54:14 | INFO | main | Building feature preprocessor (unfitted)
2026-03-24 22:54:14 | INFO | main | Training model (fit only on TRAIN split)
2026-03-24 22:54:14 | INFO | main | Saving model artifact to: /private/var/folders/dz/mp6v9x4n2y30h186jvh_7lh40000gn/T/pytest-of-juanjose/pytest-31/test_main_orchestrates_and_wri0/model.pkl
2026-03-24 22:54:14 | INFO | main | Evaluating on TEST split
2026-03-24 22:54:14 | INFO | main | Validation metric = 0.99
2026-03-24 22:54:14 | INFO | main | Running inference on TEST sample and saving predictions
2026-03-24 22:54:14 | INFO | main | Pipeline complete ✅
2026-03-24 22:55:23 | INFO | src.load_data | Loading raw data from: /private/var/folders/dz/mp6v9x4n2y30h186jvh_7lh40000gn/T/pytest-of-juanjose/pytest-32/test_load_existing_csv0/existing.csv
2026-03-24 22:55:23 | INFO | src.load_data | Loading raw data from: /private/var/folders/dz/mp6v9x4n2y30h186jvh_7lh40000gn/T/pytest-of-juanjose/pytest-32/test_load_missing_csv_creates_0/missing.csv
2026-03-24 22:55:23 | WARNING | src.load_data | Creating dummy dataset because raw_data_path does not exist.
2026-03-24 22:55:23 | INFO | src.load_data | Loading raw data from: /private/var/folders/dz/mp6v9x4n2y30h186jvh_7lh40000gn/T/pytest-of-juanjose/pytest-32/test_load_alt_path_copying0/test_alt.csv
2026-03-24 22:55:23 | INFO | src.load_data | Found Telco churn CSV at /mnt/data. Copying into repo data/raw for reproducible runs.
2026-03-24 23:00:35 | INFO | src.clean_data | Cleaning dataframe (baseline: identity copy)
2026-03-24 23:00:35 | INFO | src.clean_data | Cleaning dataframe (baseline: identity copy)
2026-03-24 23:00:35 | INFO | src.clean_data | Cleaning dataframe (baseline: identity copy)
2026-03-24 23:00:35 | INFO | src.clean_data | Cleaning dataframe (baseline: identity copy)
2026-03-24 23:00:35 | INFO | src.clean_data | Dropping ID columns: ['id_col']
2026-03-24 23:00:35 | INFO | src.clean_data | Cleaning dataframe (baseline: identity copy)
2026-03-24 23:00:35 | INFO | src.clean_data | Cleaning dataframe (baseline: identity copy)
2026-03-24 23:00:35 | INFO | src.clean_data | Dropping ID columns: ['id_col_1', 'id_col_2']
2026-03-24 23:00:35 | INFO | src.clean_data | Cleaning dataframe (baseline: identity copy)
2026-03-24 23:00:35 | INFO | src.clean_data | Cleaning dataframe (baseline: identity copy)
2026-03-24 23:00:35 | INFO | src.load_data | Loading raw data from: /private/var/folders/dz/mp6v9x4n2y30h186jvh_7lh40000gn/T/pytest-of-juanjose/pytest-33/test_load_existing_csv0/existing.csv
2026-03-24 23:00:35 | INFO | src.load_data | Loading raw data from: /private/var/folders/dz/mp6v9x4n2y30h186jvh_7lh40000gn/T/pytest-of-juanjose/pytest-33/test_load_missing_csv_creates_0/missing.csv
2026-03-24 23:00:35 | WARNING | src.load_data | Creating dummy dataset because raw_data_path does not exist.
2026-03-24 23:00:35 | INFO | src.load_data | Loading raw data from: /private/var/folders/dz/mp6v9x4n2y30h186jvh_7lh40000gn/T/pytest-of-juanjose/pytest-33/test_load_alt_path_copying0/test_alt.csv
2026-03-24 23:00:35 | INFO | src.load_data | Found Telco churn CSV at /mnt/data. Copying into repo data/raw for reproducible runs.
2026-03-24 23:00:35 | INFO | file_test | Test message
2026-03-24 23:00:35 | INFO | main | Starting pipeline
2026-03-24 23:00:35 | INFO | main | Ensured directory exists: data/raw
2026-03-24 23:00:35 | INFO | main | Ensured directory exists: data/processed
2026-03-24 23:00:35 | INFO | main | Ensured directory exists: models
2026-03-24 23:00:35 | INFO | main | Ensured directory exists: reports
2026-03-24 23:00:35 | INFO | main | Ensured directory exists: logs
2026-03-24 23:00:35 | INFO | main | Loading raw data from: /private/var/folders/dz/mp6v9x4n2y30h186jvh_7lh40000gn/T/pytest-of-juanjose/pytest-33/test_main_orchestrates_and_wri0/dataset.csv
2026-03-24 23:00:35 | INFO | main | Raw shape: (8, 3)
2026-03-24 23:00:35 | INFO | main | Cleaning data (target=target)
2026-03-24 23:00:35 | INFO | main | Clean shape: (8, 3)
2026-03-24 23:00:35 | INFO | main | Validating required columns against schema
2026-03-24 23:00:35 | INFO | main | Saving processed data to: /private/var/folders/dz/mp6v9x4n2y30h186jvh_7lh40000gn/T/pytest-of-juanjose/pytest-33/test_main_orchestrates_and_wri0/clean.csv
2026-03-24 23:00:35 | INFO | main | Splitting data into Train/Test
2026-03-24 23:00:35 | INFO | main | Split sizes -> train=6, test=2
2026-03-24 23:00:35 | INFO | main | Building feature preprocessor (unfitted)
2026-03-24 23:00:35 | INFO | main | Training model (fit only on TRAIN split)
2026-03-24 23:00:35 | INFO | main | Saving model artifact to: /private/var/folders/dz/mp6v9x4n2y30h186jvh_7lh40000gn/T/pytest-of-juanjose/pytest-33/test_main_orchestrates_and_wri0/model.pkl
2026-03-24 23:00:35 | INFO | main | Evaluating on TEST split
2026-03-24 23:00:35 | INFO | main | Validation metric = 0.99
2026-03-24 23:00:35 | INFO | main | Running inference on TEST sample and saving predictions
2026-03-24 23:00:35 | INFO | main | Pipeline complete ✅
2026-03-24 23:00:35 | WARNING | src.train | 'model__learning_rate' not in param_grid — using default values: [0.01, 0.15]
2026-03-24 23:00:35 | WARNING | src.train | 'model__n_estimators' not in param_grid — using default values: [100, 300]
2026-03-24 23:00:35 | WARNING | src.train | 'model__subsample' not in param_grid — using default values: [0.7, 0.9]
2026-03-24 23:00:35 | WARNING | src.train | 'model__colsample_bytree' not in param_grid — using default values: [0.7, 0.9]
2026-03-24 23:00:35 | WARNING | src.train | 'model__gamma' not in param_grid — using default values: [0, 0.1]
2026-03-24 23:00:35 | WARNING | src.train | 'model__learning_rate' not in param_grid — using default values: [0.01, 0.15]
2026-03-24 23:00:35 | WARNING | src.train | 'model__n_estimators' not in param_grid — using default values: [100, 300]
2026-03-24 23:00:35 | WARNING | src.train | 'model__subsample' not in param_grid — using default values: [0.7, 0.9]
2026-03-24 23:00:35 | WARNING | src.train | 'model__colsample_bytree' not in param_grid — using default values: [0.7, 0.9]
2026-03-24 23:00:35 | WARNING | src.train | 'model__gamma' not in param_grid — using default values: [0, 0.1]
2026-03-24 23:00:35 | WARNING | src.train | 'model__learning_rate' not in param_grid — using default values: [0.01, 0.15]
2026-03-24 23:00:35 | WARNING | src.train | 'model__n_estimators' not in param_grid — using default values: [100, 300]
2026-03-24 23:00:35 | WARNING | src.train | 'model__subsample' not in param_grid — using default values: [0.7, 0.9]
2026-03-24 23:00:35 | WARNING | src.train | 'model__colsample_bytree' not in param_grid — using default values: [0.7, 0.9]
2026-03-24 23:00:35 | WARNING | src.train | 'model__gamma' not in param_grid — using default values: [0, 0.1]
2026-03-24 23:00:35 | WARNING | src.train | 'model__max_depth' not in param_grid — using default values: [3, 6]
2026-03-24 23:00:35 | WARNING | src.train | 'model__learning_rate' not in param_grid — using default values: [0.01, 0.15]
2026-03-24 23:00:35 | WARNING | src.train | 'model__n_estimators' not in param_grid — using default values: [100, 300]
2026-03-24 23:00:35 | WARNING | src.train | 'model__subsample' not in param_grid — using default values: [0.7, 0.9]
2026-03-24 23:00:35 | WARNING | src.train | 'model__colsample_bytree' not in param_grid — using default values: [0.7, 0.9]
2026-03-24 23:00:35 | WARNING | src.train | 'model__gamma' not in param_grid — using default values: [0, 0.1]
2026-03-24 23:00:35 | WARNING | src.train | 'model__learning_rate' not in param_grid — using default values: [0.01, 0.15]
2026-03-24 23:00:35 | WARNING | src.train | 'model__n_estimators' not in param_grid — using default values: [100, 300]
2026-03-24 23:00:35 | WARNING | src.train | 'model__subsample' not in param_grid — using default values: [0.7, 0.9]
2026-03-24 23:00:35 | WARNING | src.train | 'model__colsample_bytree' not in param_grid — using default values: [0.7, 0.9]
2026-03-24 23:00:35 | WARNING | src.train | 'model__gamma' not in param_grid — using default values: [0, 0.1]
2026-03-24 23:00:35 | INFO | src.train | Starting model training | problem_type='classification'
2026-03-24 23:00:37 | INFO | src.train | Best Parameters: {'model__colsample_bytree': 1.0, 'model__gamma': 0, 'model__learning_rate': 0.1, 'model__max_depth': 3, 'model__n_estimators': 50, 'model__subsample': 1.0}
2026-03-24 23:00:37 | INFO | src.train | Best CV F1: 0.8844
2026-03-24 23:00:37 | INFO | src.train | Starting model training | problem_type='regression'
2026-03-24 23:00:38 | INFO | src.train | Best Parameters: {'model__colsample_bytree': 1.0, 'model__gamma': 0, 'model__learning_rate': 0.1, 'model__max_depth': 3, 'model__n_estimators': 50, 'model__subsample': 1.0}
2026-03-24 23:00:38 | INFO | src.train | Best CV RMSE: 0.2308
2026-03-24 23:00:38 | INFO | src.train | Starting model training | problem_type='classification'
2026-03-24 23:00:38 | INFO | src.train | Best Parameters: {'model__colsample_bytree': 1.0, 'model__gamma': 0, 'model__learning_rate': 0.1, 'model__max_depth': 3, 'model__n_estimators': 50, 'model__subsample': 1.0}
2026-03-24 23:00:38 | INFO | src.train | Best CV F1: 0.8844
2026-03-24 23:00:38 | INFO | src.train | Starting model training | problem_type='classification'
2026-03-24 23:00:38 | INFO | src.train | Best Parameters: {'model__colsample_bytree': 1.0, 'model__gamma': 0, 'model__learning_rate': 0.1, 'model__max_depth': 3, 'model__n_estimators': 50, 'model__subsample': 1.0}
2026-03-24 23:00:38 | INFO | src.train | Best CV F1: 0.8844
2026-03-24 23:00:38 | INFO | src.train | Starting model training | problem_type='regression'
2026-03-24 23:00:39 | INFO | src.train | Best Parameters: {'model__colsample_bytree': 1.0, 'model__gamma': 0, 'model__learning_rate': 0.1, 'model__max_depth': 3, 'model__n_estimators': 50, 'model__subsample': 1.0}
2026-03-24 23:00:39 | INFO | src.train | Best CV RMSE: 0.2308
2026-03-24 23:00:39 | INFO | src.train | Starting model training | problem_type='classification'
2026-03-24 23:00:39 | INFO | src.train | Best Parameters: {'model__colsample_bytree': 1.0, 'model__gamma': 0, 'model__learning_rate': 0.1, 'model__max_depth': 3, 'model__n_estimators': 50, 'model__subsample': 1.0}
2026-03-24 23:00:39 | INFO | src.train | Best CV F1: 0.8844
2026-03-24 23:00:39 | INFO | src.train | Starting model training | problem_type='regression'
2026-03-24 23:00:40 | INFO | src.train | Best Parameters: {'model__colsample_bytree': 1.0, 'model__gamma': 0, 'model__learning_rate': 0.1, 'model__max_depth': 3, 'model__n_estimators': 50, 'model__subsample': 1.0}
2026-03-24 23:00:40 | INFO | src.train | Best CV RMSE: 0.2308
2026-03-24 23:00:40 | INFO | src.train | Starting model training | problem_type='classification'
2026-03-24 23:00:40 | INFO | src.train | Best Parameters: {'model__colsample_bytree': 1.0, 'model__gamma': 0, 'model__learning_rate': 0.1, 'model__max_depth': 3, 'model__n_estimators': 50, 'model__subsample': 1.0}
2026-03-24 23:00:40 | INFO | src.train | Best CV F1: 0.8844
2026-03-24 23:00:40 | INFO | src.train | Starting model training | problem_type='clustering'
2026-03-24 23:00:40 | INFO | src.train | Starting model training | problem_type='classification'
2026-03-24 23:00:40 | INFO | src.train | Starting model training | problem_type='classification'
2026-03-24 23:00:40 | INFO | src.train | Starting model training | problem_type='classification'
2026-03-24 23:00:40 | WARNING | src.train | 'model__max_depth' not in param_grid — using default values: [3, 6]
2026-03-24 23:00:40 | WARNING | src.train | 'model__learning_rate' not in param_grid — using default values: [0.01, 0.15]
2026-03-24 23:00:40 | WARNING | src.train | 'model__n_estimators' not in param_grid — using default values: [100, 300]
2026-03-24 23:00:40 | WARNING | src.train | 'model__subsample' not in param_grid — using default values: [0.7, 0.9]
2026-03-24 23:00:40 | WARNING | src.train | 'model__colsample_bytree' not in param_grid — using default values: [0.7, 0.9]
2026-03-24 23:00:40 | WARNING | src.train | 'model__gamma' not in param_grid — using default values: [0, 0.1]
2026-03-24 23:00:40 | INFO | src.train | Best Parameters: {'model__max_depth': 3}
2026-03-24 23:00:40 | INFO | src.train | Best CV F1: 0.7500
2026-03-24 23:00:40 | INFO | src.train | Starting model training | problem_type='regression'
2026-03-24 23:00:40 | WARNING | src.train | 'model__max_depth' not in param_grid — using default values: [3, 6]
2026-03-24 23:00:40 | WARNING | src.train | 'model__learning_rate' not in param_grid — using default values: [0.01, 0.15]
2026-03-24 23:00:40 | WARNING | src.train | 'model__n_estimators' not in param_grid — using default values: [100, 300]
2026-03-24 23:00:40 | WARNING | src.train | 'model__subsample' not in param_grid — using default values: [0.7, 0.9]
2026-03-24 23:00:40 | WARNING | src.train | 'model__colsample_bytree' not in param_grid — using default values: [0.7, 0.9]
2026-03-24 23:00:40 | WARNING | src.train | 'model__gamma' not in param_grid — using default values: [0, 0.1]
2026-03-24 23:00:40 | INFO | src.train | Best Parameters: {'model__max_depth': 3}
2026-03-24 23:00:40 | INFO | src.train | Best CV RMSE: 0.5000
2026-03-24 23:00:40 | INFO | src.train | Starting model training | problem_type='classification'
2026-03-24 23:00:40 | INFO | src.train | Best Parameters: {'model__colsample_bytree': 1.0, 'model__gamma': 0, 'model__learning_rate': 0.1, 'model__max_depth': 3, 'model__n_estimators': 50, 'model__subsample': 1.0}
2026-03-24 23:00:40 | INFO | src.train | Best CV F1: 0.8844
2026-03-24 23:00:40 | INFO | src.train | Starting model training | problem_type='regression'
2026-03-24 23:00:40 | INFO | src.train | Best Parameters: {'model__colsample_bytree': 1.0, 'model__gamma': 0, 'model__learning_rate': 0.1, 'model__max_depth': 3, 'model__n_estimators': 50, 'model__subsample': 1.0}
2026-03-24 23:00:40 | INFO | src.train | Best CV RMSE: 0.2308
2026-03-24 23:00:40 | INFO | src.train | Starting model training | problem_type='classification'
2026-03-24 23:00:40 | INFO | src.train | Best Parameters: {'model__colsample_bytree': 1.0, 'model__gamma': 0, 'model__learning_rate': 0.1, 'model__max_depth': 3, 'model__n_estimators': 50, 'model__subsample': 1.0}
2026-03-24 23:00:40 | INFO | src.train | Best CV F1: 0.8844
2026-03-24 23:00:40 | INFO | src.validate | Running data quality checks...
2026-03-24 23:00:40 | INFO | src.validate | [validate] PASSED  — Shape: 3 rows × 5 cols
2026-03-24 23:00:40 | INFO | src.validate | PASSED  — No fully-NaN rows found
2026-03-24 23:00:40 | INFO | src.validate | PASSED  — Schema OK for 5 column(s) (NaN policy enforced per column)
2026-03-24 23:00:40 | INFO | src.validate | PASSED  — Target column 'Churn' present
2026-03-24 23:00:40 | INFO | src.validate | PASSED  — Target classes {np.int64(0), np.int64(1)} ⊆ allowed {0, 1}
2026-03-24 23:00:40 | INFO | src.validate | PASSED  — No negative values across 4 numeric column(s)
2026-03-24 23:00:40 | INFO | src.validate | All checks passed ✓
2026-03-24 23:00:40 | INFO | src.validate | Running data quality checks...
2026-03-24 23:00:40 | INFO | src.validate | [validate] PASSED  — Shape: 3 rows × 3 cols
2026-03-24 23:00:40 | INFO | src.validate | PASSED  — No fully-NaN rows found
2026-03-24 23:00:40 | INFO | src.validate | PASSED  — Schema OK for 3 column(s) (NaN policy enforced per column)
2026-03-24 23:00:40 | INFO | src.validate | PASSED  — Target column 'HousePrice' present
2026-03-24 23:00:40 | INFO | src.validate | [validate] PASSED  — Target 'HousePrice' is numeric
2026-03-24 23:00:40 | INFO | src.validate | PASSED  — Regression target within range [0, 1000000]  (min=1.75e+05, max=4e+05)
2026-03-24 23:00:40 | INFO | src.validate | PASSED  — No negative values across 3 numeric column(s)
2026-03-24 23:00:40 | INFO | src.validate | All checks passed ✓
2026-03-24 23:00:40 | INFO | src.validate | Running data quality checks...
2026-03-24 23:00:40 | INFO | src.validate | [validate] PASSED  — Shape: 3 rows × 5 cols
2026-03-24 23:00:40 | INFO | src.validate | PASSED  — No fully-NaN rows found
2026-03-24 23:00:40 | INFO | src.validate | PASSED  — Schema OK for 5 column(s) (NaN policy enforced per column)
2026-03-24 23:00:40 | INFO | src.validate | PASSED  — Target column 'Churn' present
2026-03-24 23:00:40 | INFO | src.validate | No allowed_classes specified for classification target. Found classes: {np.int64(0), np.int64(1)}
2026-03-24 23:00:40 | INFO | src.validate | PASSED  — No negative values across 4 numeric column(s)
2026-03-24 23:00:40 | INFO | src.validate | All checks passed ✓
2026-03-24 23:00:40 | INFO | src.validate | Running data quality checks...
2026-03-24 23:00:40 | INFO | src.validate | [validate] PASSED  — Shape: 3 rows × 3 cols
2026-03-24 23:00:40 | INFO | src.validate | PASSED  — No fully-NaN rows found
2026-03-24 23:00:40 | INFO | src.validate | PASSED  — Schema OK for 3 column(s) (NaN policy enforced per column)
2026-03-24 23:00:40 | INFO | src.validate | PASSED  — Target column 'HousePrice' present
2026-03-24 23:00:40 | INFO | src.validate | [validate] PASSED  — Target 'HousePrice' is numeric
2026-03-24 23:00:40 | INFO | src.validate | PASSED  — No negative values across 3 numeric column(s)
2026-03-24 23:00:40 | INFO | src.validate | All checks passed ✓
2026-03-24 23:00:40 | INFO | src.validate | Running data quality checks...
2026-03-24 23:00:40 | INFO | src.validate | [validate] PASSED  — Shape: 3 rows × 5 cols
2026-03-24 23:00:40 | INFO | src.validate | PASSED  — No fully-NaN rows found
2026-03-24 23:00:40 | INFO | src.validate | 'MonthlyCharges' has 1 NaN(s) (accept_nan=True → will be imputed downstream)
2026-03-24 23:00:40 | INFO | src.validate | PASSED  — Schema OK for 5 column(s) (NaN policy enforced per column)
2026-03-24 23:00:40 | INFO | src.validate | PASSED  — Target column 'Churn' present
2026-03-24 23:00:40 | INFO | src.validate | PASSED  — Target classes {np.int64(0), np.int64(1)} ⊆ allowed {0, 1}
2026-03-24 23:00:40 | INFO | src.validate | PASSED  — No negative values across 4 numeric column(s)
2026-03-24 23:00:40 | INFO | src.validate | All checks passed ✓
2026-03-24 23:00:40 | INFO | src.validate | Running data quality checks...
2026-03-24 23:00:40 | INFO | src.validate | Running data quality checks...
2026-03-24 23:00:40 | INFO | src.validate | Running data quality checks...
2026-03-24 23:00:40 | INFO | src.validate | [validate] PASSED  — Shape: 3 rows × 5 cols
2026-03-24 23:00:40 | INFO | src.validate | PASSED  — No fully-NaN rows found
2026-03-24 23:00:40 | INFO | src.validate | PASSED  — Schema OK for 5 column(s) (NaN policy enforced per column)
2026-03-24 23:00:40 | INFO | src.validate | Running data quality checks...
2026-03-24 23:00:40 | INFO | src.validate | Running data quality checks...
2026-03-24 23:00:40 | INFO | src.validate | [validate] PASSED  — Shape: 3 rows × 5 cols
2026-03-24 23:00:40 | INFO | src.validate | PASSED  — No fully-NaN rows found
2026-03-24 23:00:40 | INFO | src.validate | Running data quality checks...
2026-03-24 23:00:40 | INFO | src.validate | [validate] PASSED  — Shape: 3 rows × 5 cols
2026-03-24 23:00:40 | INFO | src.validate | PASSED  — No fully-NaN rows found
2026-03-24 23:00:40 | INFO | src.validate | Running data quality checks...
2026-03-24 23:00:40 | INFO | src.validate | [validate] PASSED  — Shape: 3 rows × 5 cols
2026-03-24 23:00:40 | INFO | src.validate | PASSED  — No fully-NaN rows found
2026-03-24 23:00:40 | INFO | src.validate | Running data quality checks...
2026-03-24 23:00:40 | INFO | src.validate | [validate] PASSED  — Shape: 3 rows × 5 cols
2026-03-24 23:00:40 | INFO | src.validate | PASSED  — No fully-NaN rows found
2026-03-24 23:00:40 | INFO | src.validate | Running data quality checks...
2026-03-24 23:00:40 | INFO | src.validate | [validate] PASSED  — Shape: 3 rows × 5 cols
2026-03-24 23:00:40 | INFO | src.validate | PASSED  — No fully-NaN rows found
2026-03-24 23:00:40 | INFO | src.validate | PASSED  — Schema OK for 5 column(s) (NaN policy enforced per column)
2026-03-24 23:00:40 | INFO | src.validate | PASSED  — Target column 'Churn' present
2026-03-24 23:00:40 | INFO | src.validate | Running data quality checks...
2026-03-24 23:00:40 | INFO | src.validate | [validate] PASSED  — Shape: 3 rows × 5 cols
2026-03-24 23:00:40 | INFO | src.validate | PASSED  — No fully-NaN rows found
2026-03-24 23:00:40 | INFO | src.validate | PASSED  — Schema OK for 5 column(s) (NaN policy enforced per column)
2026-03-24 23:00:40 | INFO | src.validate | PASSED  — Target column 'Churn' present
2026-03-24 23:00:40 | INFO | src.validate | PASSED  — Target classes {np.int64(0), np.int64(1)} ⊆ allowed {0, 1}
2026-03-24 23:00:40 | INFO | src.validate | PASSED  — No negative values across 4 numeric column(s)
2026-03-24 23:00:40 | INFO | src.validate | All checks passed ✓
2026-03-24 23:00:40 | INFO | src.validate | Running data quality checks...
2026-03-24 23:00:40 | INFO | src.validate | [validate] PASSED  — Shape: 3 rows × 3 cols
2026-03-24 23:00:40 | INFO | src.validate | PASSED  — No fully-NaN rows found
2026-03-24 23:00:40 | INFO | src.validate | Running data quality checks...
2026-03-24 23:00:40 | INFO | src.validate | [validate] PASSED  — Shape: 3 rows × 3 cols
2026-03-24 23:00:40 | INFO | src.validate | PASSED  — No fully-NaN rows found
2026-03-24 23:00:40 | INFO | src.validate | PASSED  — Schema OK for 3 column(s) (NaN policy enforced per column)
2026-03-24 23:00:40 | INFO | src.validate | PASSED  — Target column 'HousePrice' present
2026-03-24 23:00:40 | INFO | src.validate | [validate] PASSED  — Target 'HousePrice' is numeric
2026-03-24 23:00:40 | INFO | src.validate | Running data quality checks...
2026-03-24 23:00:40 | INFO | src.validate | [validate] PASSED  — Shape: 3 rows × 3 cols
2026-03-24 23:00:40 | INFO | src.validate | PASSED  — No fully-NaN rows found
2026-03-24 23:00:40 | INFO | src.validate | PASSED  — Schema OK for 3 column(s) (NaN policy enforced per column)
2026-03-24 23:00:40 | INFO | src.validate | PASSED  — Target column 'HousePrice' present
2026-03-24 23:00:40 | INFO | src.validate | [validate] PASSED  — Target 'HousePrice' is numeric
2026-03-24 23:00:40 | INFO | src.validate | PASSED  — Regression target within range [0, 1000000]  (min=1.75e+05, max=4e+05)
2026-03-24 23:00:40 | INFO | src.validate | PASSED  — No negative values across 3 numeric column(s)
2026-03-24 23:00:40 | INFO | src.validate | All checks passed ✓
2026-03-24 23:00:40 | INFO | src.validate | Running data quality checks...
2026-03-24 23:00:40 | INFO | src.validate | [validate] PASSED  — Shape: 3 rows × 5 cols
2026-03-24 23:00:40 | INFO | src.validate | Running data quality checks...
2026-03-24 23:00:40 | INFO | src.validate | [validate] PASSED  — Shape: 3 rows × 5 cols
2026-03-24 23:00:40 | INFO | src.validate | PASSED  — No fully-NaN rows found
2026-03-24 23:00:40 | INFO | src.validate | PASSED  — Schema OK for 5 column(s) (NaN policy enforced per column)
2026-03-24 23:00:40 | INFO | src.validate | PASSED  — Target column 'Churn' present
2026-03-24 23:00:40 | INFO | src.validate | PASSED  — Target classes {np.int64(0), np.int64(1)} ⊆ allowed {0, 1}
2026-03-24 23:00:40 | INFO | src.validate | Running data quality checks...
2026-03-24 23:00:40 | INFO | src.validate | [validate] PASSED  — Shape: 3 rows × 5 cols
2026-03-24 23:00:40 | INFO | src.validate | PASSED  — No fully-NaN rows found
2026-03-24 23:00:40 | INFO | src.validate | PASSED  — Schema OK for 5 column(s) (NaN policy enforced per column)
2026-03-24 23:00:40 | INFO | src.validate | PASSED  — Target column 'Churn' present
2026-03-24 23:00:40 | INFO | src.validate | PASSED  — Target classes {np.int64(0), np.int64(1)} ⊆ allowed {0, 1}
2026-03-24 23:00:40 | INFO | src.validate | PASSED  — No negative values across 4 numeric column(s)
2026-03-24 23:00:40 | INFO | src.validate | All checks passed ✓
2026-03-24 23:02:35 | WARNING | src.train | 'model__learning_rate' not in param_grid — using default values: [0.01, 0.15]
2026-03-24 23:02:35 | WARNING | src.train | 'model__n_estimators' not in param_grid — using default values: [100, 300]
2026-03-24 23:02:35 | WARNING | src.train | 'model__subsample' not in param_grid — using default values: [0.7, 0.9]
2026-03-24 23:02:35 | WARNING | src.train | 'model__colsample_bytree' not in param_grid — using default values: [0.7, 0.9]
2026-03-24 23:02:35 | WARNING | src.train | 'model__gamma' not in param_grid — using default values: [0, 0.1]
2026-03-24 23:02:35 | WARNING | src.train | 'model__learning_rate' not in param_grid — using default values: [0.01, 0.15]
2026-03-24 23:02:35 | WARNING | src.train | 'model__n_estimators' not in param_grid — using default values: [100, 300]
2026-03-24 23:02:35 | WARNING | src.train | 'model__subsample' not in param_grid — using default values: [0.7, 0.9]
2026-03-24 23:02:35 | WARNING | src.train | 'model__colsample_bytree' not in param_grid — using default values: [0.7, 0.9]
2026-03-24 23:02:35 | WARNING | src.train | 'model__gamma' not in param_grid — using default values: [0, 0.1]
2026-03-24 23:02:35 | WARNING | src.train | 'model__learning_rate' not in param_grid — using default values: [0.01, 0.15]
2026-03-24 23:02:35 | WARNING | src.train | 'model__n_estimators' not in param_grid — using default values: [100, 300]
2026-03-24 23:02:35 | WARNING | src.train | 'model__subsample' not in param_grid — using default values: [0.7, 0.9]
2026-03-24 23:02:35 | WARNING | src.train | 'model__colsample_bytree' not in param_grid — using default values: [0.7, 0.9]
2026-03-24 23:02:35 | WARNING | src.train | 'model__gamma' not in param_grid — using default values: [0, 0.1]
2026-03-24 23:02:35 | WARNING | src.train | 'model__max_depth' not in param_grid — using default values: [3, 6]
2026-03-24 23:02:35 | WARNING | src.train | 'model__learning_rate' not in param_grid — using default values: [0.01, 0.15]
2026-03-24 23:02:35 | WARNING | src.train | 'model__n_estimators' not in param_grid — using default values: [100, 300]
2026-03-24 23:02:35 | WARNING | src.train | 'model__subsample' not in param_grid — using default values: [0.7, 0.9]
2026-03-24 23:02:35 | WARNING | src.train | 'model__colsample_bytree' not in param_grid — using default values: [0.7, 0.9]
2026-03-24 23:02:35 | WARNING | src.train | 'model__gamma' not in param_grid — using default values: [0, 0.1]
2026-03-24 23:02:35 | WARNING | src.train | 'model__learning_rate' not in param_grid — using default values: [0.01, 0.15]
2026-03-24 23:02:35 | WARNING | src.train | 'model__n_estimators' not in param_grid — using default values: [100, 300]
2026-03-24 23:02:35 | WARNING | src.train | 'model__subsample' not in param_grid — using default values: [0.7, 0.9]
2026-03-24 23:02:35 | WARNING | src.train | 'model__colsample_bytree' not in param_grid — using default values: [0.7, 0.9]
2026-03-24 23:02:35 | WARNING | src.train | 'model__gamma' not in param_grid — using default values: [0, 0.1]
2026-03-24 23:02:35 | INFO | src.train | Starting model training | problem_type='classification'
2026-03-24 23:02:37 | INFO | src.train | Best Parameters: {'model__colsample_bytree': 1.0, 'model__gamma': 0, 'model__learning_rate': 0.1, 'model__max_depth': 3, 'model__n_estimators': 50, 'model__subsample': 1.0}
2026-03-24 23:02:37 | INFO | src.train | Best CV F1: 0.8844
2026-03-24 23:02:37 | INFO | src.train | Starting model training | problem_type='regression'
2026-03-24 23:02:38 | INFO | src.train | Best Parameters: {'model__colsample_bytree': 1.0, 'model__gamma': 0, 'model__learning_rate': 0.1, 'model__max_depth': 3, 'model__n_estimators': 50, 'model__subsample': 1.0}
2026-03-24 23:02:38 | INFO | src.train | Best CV RMSE: 0.2308
2026-03-24 23:02:38 | INFO | src.train | Starting model training | problem_type='classification'
2026-03-24 23:02:39 | INFO | src.train | Best Parameters: {'model__colsample_bytree': 1.0, 'model__gamma': 0, 'model__learning_rate': 0.1, 'model__max_depth': 3, 'model__n_estimators': 50, 'model__subsample': 1.0}
2026-03-24 23:02:39 | INFO | src.train | Best CV F1: 0.8844
2026-03-24 23:02:39 | INFO | src.train | Starting model training | problem_type='classification'
2026-03-24 23:02:39 | INFO | src.train | Best Parameters: {'model__colsample_bytree': 1.0, 'model__gamma': 0, 'model__learning_rate': 0.1, 'model__max_depth': 3, 'model__n_estimators': 50, 'model__subsample': 1.0}
2026-03-24 23:02:39 | INFO | src.train | Best CV F1: 0.8844
2026-03-24 23:02:39 | INFO | src.train | Starting model training | problem_type='regression'
2026-03-24 23:02:39 | INFO | src.train | Best Parameters: {'model__colsample_bytree': 1.0, 'model__gamma': 0, 'model__learning_rate': 0.1, 'model__max_depth': 3, 'model__n_estimators': 50, 'model__subsample': 1.0}
2026-03-24 23:02:39 | INFO | src.train | Best CV RMSE: 0.2308
2026-03-24 23:02:39 | INFO | src.train | Starting model training | problem_type='classification'
2026-03-24 23:02:39 | INFO | src.train | Best Parameters: {'model__colsample_bytree': 1.0, 'model__gamma': 0, 'model__learning_rate': 0.1, 'model__max_depth': 3, 'model__n_estimators': 50, 'model__subsample': 1.0}
2026-03-24 23:02:39 | INFO | src.train | Best CV F1: 0.8844
2026-03-24 23:02:39 | INFO | src.train | Starting model training | problem_type='regression'
2026-03-24 23:02:41 | INFO | src.train | Best Parameters: {'model__colsample_bytree': 1.0, 'model__gamma': 0, 'model__learning_rate': 0.1, 'model__max_depth': 3, 'model__n_estimators': 50, 'model__subsample': 1.0}
2026-03-24 23:02:41 | INFO | src.train | Best CV RMSE: 0.2308
2026-03-24 23:02:41 | INFO | src.train | Starting model training | problem_type='classification'
2026-03-24 23:02:41 | INFO | src.train | Best Parameters: {'model__colsample_bytree': 1.0, 'model__gamma': 0, 'model__learning_rate': 0.1, 'model__max_depth': 3, 'model__n_estimators': 50, 'model__subsample': 1.0}
2026-03-24 23:02:41 | INFO | src.train | Best CV F1: 0.8844
2026-03-24 23:02:41 | INFO | src.train | Starting model training | problem_type='clustering'
2026-03-24 23:02:41 | INFO | src.train | Starting model training | problem_type='classification'
2026-03-24 23:02:41 | INFO | src.train | Starting model training | problem_type='classification'
2026-03-24 23:02:41 | INFO | src.train | Starting model training | problem_type='classification'
2026-03-24 23:02:41 | WARNING | src.train | 'model__max_depth' not in param_grid — using default values: [3, 6]
2026-03-24 23:02:41 | WARNING | src.train | 'model__learning_rate' not in param_grid — using default values: [0.01, 0.15]
2026-03-24 23:02:41 | WARNING | src.train | 'model__n_estimators' not in param_grid — using default values: [100, 300]
2026-03-24 23:02:41 | WARNING | src.train | 'model__subsample' not in param_grid — using default values: [0.7, 0.9]
2026-03-24 23:02:41 | WARNING | src.train | 'model__colsample_bytree' not in param_grid — using default values: [0.7, 0.9]
2026-03-24 23:02:41 | WARNING | src.train | 'model__gamma' not in param_grid — using default values: [0, 0.1]
2026-03-24 23:02:41 | INFO | src.train | Best Parameters: {'model__max_depth': 3}
2026-03-24 23:02:41 | INFO | src.train | Best CV F1: 0.7500
2026-03-24 23:02:41 | INFO | src.train | Starting model training | problem_type='regression'
2026-03-24 23:02:41 | WARNING | src.train | 'model__max_depth' not in param_grid — using default values: [3, 6]
2026-03-24 23:02:41 | WARNING | src.train | 'model__learning_rate' not in param_grid — using default values: [0.01, 0.15]
2026-03-24 23:02:41 | WARNING | src.train | 'model__n_estimators' not in param_grid — using default values: [100, 300]
2026-03-24 23:02:41 | WARNING | src.train | 'model__subsample' not in param_grid — using default values: [0.7, 0.9]
2026-03-24 23:02:41 | WARNING | src.train | 'model__colsample_bytree' not in param_grid — using default values: [0.7, 0.9]
2026-03-24 23:02:41 | WARNING | src.train | 'model__gamma' not in param_grid — using default values: [0, 0.1]
2026-03-24 23:02:41 | INFO | src.train | Best Parameters: {'model__max_depth': 3}
2026-03-24 23:02:41 | INFO | src.train | Best CV RMSE: 0.5000
2026-03-24 23:02:41 | INFO | src.train | Starting model training | problem_type='classification'
2026-03-24 23:02:41 | INFO | src.train | Best Parameters: {'model__colsample_bytree': 1.0, 'model__gamma': 0, 'model__learning_rate': 0.1, 'model__max_depth': 3, 'model__n_estimators': 50, 'model__subsample': 1.0}
2026-03-24 23:02:41 | INFO | src.train | Best CV F1: 0.8844
2026-03-24 23:02:41 | INFO | src.train | Starting model training | problem_type='regression'
2026-03-24 23:02:41 | INFO | src.train | Best Parameters: {'model__colsample_bytree': 1.0, 'model__gamma': 0, 'model__learning_rate': 0.1, 'model__max_depth': 3, 'model__n_estimators': 50, 'model__subsample': 1.0}
2026-03-24 23:02:41 | INFO | src.train | Best CV RMSE: 0.2308
2026-03-24 23:02:41 | INFO | src.train | Starting model training | problem_type='classification'
2026-03-24 23:02:41 | INFO | src.train | Best Parameters: {'model__colsample_bytree': 1.0, 'model__gamma': 0, 'model__learning_rate': 0.1, 'model__max_depth': 3, 'model__n_estimators': 50, 'model__subsample': 1.0}
2026-03-24 23:02:41 | INFO | src.train | Best CV F1: 0.8844
2026-03-24 23:03:10 | WARNING | src.train | 'model__learning_rate' not in param_grid — using default values: [0.01, 0.15]
2026-03-24 23:03:10 | WARNING | src.train | 'model__n_estimators' not in param_grid — using default values: [100, 300]
2026-03-24 23:03:10 | WARNING | src.train | 'model__subsample' not in param_grid — using default values: [0.7, 0.9]
2026-03-24 23:03:10 | WARNING | src.train | 'model__colsample_bytree' not in param_grid — using default values: [0.7, 0.9]
2026-03-24 23:03:10 | WARNING | src.train | 'model__gamma' not in param_grid — using default values: [0, 0.1]
2026-03-24 23:03:52 | WARNING | src.train | 'model__learning_rate' not in param_grid — using default values: [0.01, 0.15]
2026-03-24 23:03:52 | WARNING | src.train | 'model__n_estimators' not in param_grid — using default values: [100, 300]
2026-03-24 23:03:52 | WARNING | src.train | 'model__subsample' not in param_grid — using default values: [0.7, 0.9]
2026-03-24 23:03:52 | WARNING | src.train | 'model__colsample_bytree' not in param_grid — using default values: [0.7, 0.9]
2026-03-24 23:03:52 | WARNING | src.train | 'model__gamma' not in param_grid — using default values: [0, 0.1]
2026-03-24 23:05:06 | WARNING | src.train | 'model__learning_rate' not in param_grid — using default values: [0.01, 0.15]
2026-03-24 23:05:06 | WARNING | src.train | 'model__n_estimators' not in param_grid — using default values: [100, 300]
2026-03-24 23:05:06 | WARNING | src.train | 'model__subsample' not in param_grid — using default values: [0.7, 0.9]
2026-03-24 23:05:06 | WARNING | src.train | 'model__colsample_bytree' not in param_grid — using default values: [0.7, 0.9]
2026-03-24 23:05:06 | WARNING | src.train | 'model__gamma' not in param_grid — using default values: [0, 0.1]
2026-03-24 23:05:06 | WARNING | src.train | 'model__learning_rate' not in param_grid — using default values: [0.01, 0.15]
2026-03-24 23:05:06 | WARNING | src.train | 'model__n_estimators' not in param_grid — using default values: [100, 300]
2026-03-24 23:05:06 | WARNING | src.train | 'model__subsample' not in param_grid — using default values: [0.7, 0.9]
2026-03-24 23:05:06 | WARNING | src.train | 'model__colsample_bytree' not in param_grid — using default values: [0.7, 0.9]
2026-03-24 23:05:06 | WARNING | src.train | 'model__gamma' not in param_grid — using default values: [0, 0.1]
2026-03-24 23:05:06 | WARNING | src.train | 'model__max_depth' not in param_grid — using default values: [3, 6]
2026-03-24 23:05:06 | WARNING | src.train | 'model__learning_rate' not in param_grid — using default values: [0.01, 0.15]
2026-03-24 23:05:06 | WARNING | src.train | 'model__n_estimators' not in param_grid — using default values: [100, 300]
2026-03-24 23:05:06 | WARNING | src.train | 'model__subsample' not in param_grid — using default values: [0.7, 0.9]
2026-03-24 23:05:06 | WARNING | src.train | 'model__colsample_bytree' not in param_grid — using default values: [0.7, 0.9]
2026-03-24 23:05:06 | WARNING | src.train | 'model__gamma' not in param_grid — using default values: [0, 0.1]
2026-03-24 23:05:06 | INFO | src.train | Starting model training | problem_type='classification'
2026-03-24 23:05:08 | INFO | src.train | Best Parameters: {'model__colsample_bytree': 1.0, 'model__gamma': 0, 'model__learning_rate': 0.1, 'model__max_depth': 3, 'model__n_estimators': 50, 'model__subsample': 1.0}
2026-03-24 23:05:08 | INFO | src.train | Best CV F1: 0.8844
2026-03-24 23:05:08 | INFO | src.train | Starting model training | problem_type='regression'
2026-03-24 23:05:09 | INFO | src.train | Best Parameters: {'model__colsample_bytree': 1.0, 'model__gamma': 0, 'model__learning_rate': 0.1, 'model__max_depth': 3, 'model__n_estimators': 50, 'model__subsample': 1.0}
2026-03-24 23:05:09 | INFO | src.train | Best CV RMSE: 0.2308
2026-03-24 23:05:09 | INFO | src.train | Starting model training | problem_type='classification'
2026-03-24 23:05:09 | INFO | src.train | Best Parameters: {'model__colsample_bytree': 1.0, 'model__gamma': 0, 'model__learning_rate': 0.1, 'model__max_depth': 3, 'model__n_estimators': 50, 'model__subsample': 1.0}
2026-03-24 23:05:09 | INFO | src.train | Best CV F1: 0.8844
2026-03-24 23:05:09 | INFO | src.train | Starting model training | problem_type='classification'
2026-03-24 23:05:10 | INFO | src.train | Best Parameters: {'model__colsample_bytree': 1.0, 'model__gamma': 0, 'model__learning_rate': 0.1, 'model__max_depth': 3, 'model__n_estimators': 50, 'model__subsample': 1.0}
2026-03-24 23:05:10 | INFO | src.train | Best CV F1: 0.8844
2026-03-24 23:05:10 | INFO | src.train | Starting model training | problem_type='regression'
2026-03-24 23:05:10 | INFO | src.train | Best Parameters: {'model__colsample_bytree': 1.0, 'model__gamma': 0, 'model__learning_rate': 0.1, 'model__max_depth': 3, 'model__n_estimators': 50, 'model__subsample': 1.0}
2026-03-24 23:05:10 | INFO | src.train | Best CV RMSE: 0.2308
2026-03-24 23:05:10 | INFO | src.train | Starting model training | problem_type='classification'
2026-03-24 23:05:11 | INFO | src.train | Best Parameters: {'model__colsample_bytree': 1.0, 'model__gamma': 0, 'model__learning_rate': 0.1, 'model__max_depth': 3, 'model__n_estimators': 50, 'model__subsample': 1.0}
2026-03-24 23:05:11 | INFO | src.train | Best CV F1: 0.8844
2026-03-24 23:05:11 | INFO | src.train | Starting model training | problem_type='regression'
2026-03-24 23:05:11 | INFO | src.train | Best Parameters: {'model__colsample_bytree': 1.0, 'model__gamma': 0, 'model__learning_rate': 0.1, 'model__max_depth': 3, 'model__n_estimators': 50, 'model__subsample': 1.0}
2026-03-24 23:05:11 | INFO | src.train | Best CV RMSE: 0.2308
2026-03-24 23:05:11 | INFO | src.train | Starting model training | problem_type='classification'
2026-03-24 23:05:11 | INFO | src.train | Best Parameters: {'model__colsample_bytree': 1.0, 'model__gamma': 0, 'model__learning_rate': 0.1, 'model__max_depth': 3, 'model__n_estimators': 50, 'model__subsample': 1.0}
2026-03-24 23:05:11 | INFO | src.train | Best CV F1: 0.8844
2026-03-24 23:05:11 | INFO | src.train | Starting model training | problem_type='clustering'
2026-03-24 23:05:11 | INFO | src.train | Starting model training | problem_type='classification'
2026-03-24 23:05:11 | INFO | src.train | Starting model training | problem_type='classification'
2026-03-24 23:05:11 | INFO | src.train | Starting model training | problem_type='classification'
2026-03-24 23:05:11 | WARNING | src.train | 'model__max_depth' not in param_grid — using default values: [3, 6]
2026-03-24 23:05:11 | WARNING | src.train | 'model__learning_rate' not in param_grid — using default values: [0.01, 0.15]
2026-03-24 23:05:11 | WARNING | src.train | 'model__n_estimators' not in param_grid — using default values: [100, 300]
2026-03-24 23:05:11 | WARNING | src.train | 'model__subsample' not in param_grid — using default values: [0.7, 0.9]
2026-03-24 23:05:11 | WARNING | src.train | 'model__colsample_bytree' not in param_grid — using default values: [0.7, 0.9]
2026-03-24 23:05:11 | WARNING | src.train | 'model__gamma' not in param_grid — using default values: [0, 0.1]
2026-03-24 23:05:11 | INFO | src.train | Best Parameters: {'model__max_depth': 3}
2026-03-24 23:05:11 | INFO | src.train | Best CV F1: 0.7500
2026-03-24 23:05:11 | INFO | src.train | Starting model training | problem_type='regression'
2026-03-24 23:05:11 | WARNING | src.train | 'model__max_depth' not in param_grid — using default values: [3, 6]
2026-03-24 23:05:11 | WARNING | src.train | 'model__learning_rate' not in param_grid — using default values: [0.01, 0.15]
2026-03-24 23:05:11 | WARNING | src.train | 'model__n_estimators' not in param_grid — using default values: [100, 300]
2026-03-24 23:05:11 | WARNING | src.train | 'model__subsample' not in param_grid — using default values: [0.7, 0.9]
2026-03-24 23:05:11 | WARNING | src.train | 'model__colsample_bytree' not in param_grid — using default values: [0.7, 0.9]
2026-03-24 23:05:11 | WARNING | src.train | 'model__gamma' not in param_grid — using default values: [0, 0.1]
2026-03-24 23:05:11 | INFO | src.train | Best Parameters: {'model__max_depth': 3}
2026-03-24 23:05:11 | INFO | src.train | Best CV RMSE: 0.5000
2026-03-24 23:05:11 | INFO | src.train | Starting model training | problem_type='classification'
2026-03-24 23:05:11 | INFO | src.train | Best Parameters: {'model__colsample_bytree': 1.0, 'model__gamma': 0, 'model__learning_rate': 0.1, 'model__max_depth': 3, 'model__n_estimators': 50, 'model__subsample': 1.0}
2026-03-24 23:05:11 | INFO | src.train | Best CV F1: 0.8844
2026-03-24 23:05:11 | INFO | src.train | Starting model training | problem_type='regression'
2026-03-24 23:05:11 | INFO | src.train | Best Parameters: {'model__colsample_bytree': 1.0, 'model__gamma': 0, 'model__learning_rate': 0.1, 'model__max_depth': 3, 'model__n_estimators': 50, 'model__subsample': 1.0}
2026-03-24 23:05:11 | INFO | src.train | Best CV RMSE: 0.2308
2026-03-24 23:05:11 | INFO | src.train | Starting model training | problem_type='classification'
2026-03-24 23:05:11 | INFO | src.train | Best Parameters: {'model__colsample_bytree': 1.0, 'model__gamma': 0, 'model__learning_rate': 0.1, 'model__max_depth': 3, 'model__n_estimators': 50, 'model__subsample': 1.0}
2026-03-24 23:05:11 | INFO | src.train | Best CV F1: 0.8844
2026-03-24 23:05:24 | INFO | src.clean_data | Cleaning dataframe (baseline: identity copy)
2026-03-24 23:05:24 | INFO | src.clean_data | Cleaning dataframe (baseline: identity copy)
2026-03-24 23:05:24 | INFO | src.clean_data | Cleaning dataframe (baseline: identity copy)
2026-03-24 23:05:24 | INFO | src.clean_data | Cleaning dataframe (baseline: identity copy)
2026-03-24 23:05:24 | INFO | src.clean_data | Dropping ID columns: ['id_col']
2026-03-24 23:05:24 | INFO | src.clean_data | Cleaning dataframe (baseline: identity copy)
2026-03-24 23:05:24 | INFO | src.clean_data | Cleaning dataframe (baseline: identity copy)
2026-03-24 23:05:24 | INFO | src.clean_data | Dropping ID columns: ['id_col_1', 'id_col_2']
2026-03-24 23:05:24 | INFO | src.clean_data | Cleaning dataframe (baseline: identity copy)
2026-03-24 23:05:24 | INFO | src.clean_data | Cleaning dataframe (baseline: identity copy)
2026-03-24 23:06:23 | INFO | src.clean_data | Cleaning dataframe (baseline: identity copy)
2026-03-24 23:06:23 | INFO | src.clean_data | Cleaning dataframe (baseline: identity copy)
2026-03-24 23:06:23 | INFO | src.clean_data | Cleaning dataframe (baseline: identity copy)
2026-03-24 23:06:23 | INFO | src.clean_data | Cleaning dataframe (baseline: identity copy)
2026-03-24 23:06:23 | INFO | src.clean_data | Dropping ID columns: ['id_col']
2026-03-24 23:06:23 | INFO | src.clean_data | Cleaning dataframe (baseline: identity copy)
2026-03-24 23:06:23 | INFO | src.clean_data | Cleaning dataframe (baseline: identity copy)
2026-03-24 23:06:23 | INFO | src.clean_data | Dropping ID columns: ['id_col_1', 'id_col_2']
2026-03-24 23:06:23 | INFO | src.clean_data | Cleaning dataframe (baseline: identity copy)
2026-03-24 23:06:23 | INFO | src.clean_data | Cleaning dataframe (baseline: identity copy)
2026-03-24 23:06:45 | INFO | src.clean_data | Cleaning dataframe (baseline: identity copy)
2026-03-24 23:06:45 | INFO | src.clean_data | Cleaning dataframe (baseline: identity copy)
2026-03-24 23:06:45 | INFO | src.clean_data | Cleaning dataframe (baseline: identity copy)
2026-03-24 23:06:45 | INFO | src.clean_data | Cleaning dataframe (baseline: identity copy)
2026-03-24 23:06:45 | INFO | src.clean_data | Dropping ID columns: ['id_col']
2026-03-24 23:06:45 | INFO | src.clean_data | Cleaning dataframe (baseline: identity copy)
2026-03-24 23:06:45 | INFO | src.clean_data | Cleaning dataframe (baseline: identity copy)
2026-03-24 23:06:45 | INFO | src.clean_data | Dropping ID columns: ['id_col_1', 'id_col_2']
2026-03-24 23:06:45 | INFO | src.clean_data | Cleaning dataframe (baseline: identity copy)
2026-03-24 23:06:45 | INFO | src.clean_data | Cleaning dataframe (baseline: identity copy)
2026-03-24 23:06:58 | INFO | src.clean_data | Cleaning dataframe (baseline: identity copy)
2026-03-24 23:06:58 | INFO | src.clean_data | Cleaning dataframe (baseline: identity copy)
2026-03-24 23:06:58 | INFO | src.clean_data | Cleaning dataframe (baseline: identity copy)
2026-03-24 23:06:58 | INFO | src.clean_data | Cleaning dataframe (baseline: identity copy)
2026-03-24 23:06:58 | INFO | src.clean_data | Dropping ID columns: ['id_col']
2026-03-24 23:06:58 | INFO | src.clean_data | Cleaning dataframe (baseline: identity copy)
2026-03-24 23:06:58 | INFO | src.clean_data | Cleaning dataframe (baseline: identity copy)
2026-03-24 23:06:58 | INFO | src.clean_data | Dropping ID columns: ['id_col_1', 'id_col_2']
2026-03-24 23:06:58 | INFO | src.clean_data | Cleaning dataframe (baseline: identity copy)
2026-03-24 23:06:58 | INFO | src.clean_data | Cleaning dataframe (baseline: identity copy)
2026-03-24 23:06:58 | INFO | src.load_data | Loading raw data from: /private/var/folders/dz/mp6v9x4n2y30h186jvh_7lh40000gn/T/pytest-of-juanjose/pytest-34/test_load_existing_csv0/existing.csv
2026-03-24 23:06:58 | INFO | src.load_data | Loading raw data from: /private/var/folders/dz/mp6v9x4n2y30h186jvh_7lh40000gn/T/pytest-of-juanjose/pytest-34/test_load_missing_csv_creates_0/missing.csv
2026-03-24 23:06:58 | WARNING | src.load_data | Creating dummy dataset because raw_data_path does not exist.
2026-03-24 23:06:58 | INFO | src.load_data | Loading raw data from: /private/var/folders/dz/mp6v9x4n2y30h186jvh_7lh40000gn/T/pytest-of-juanjose/pytest-34/test_load_alt_path_copying0/test_alt.csv
2026-03-24 23:06:58 | INFO | src.load_data | Found Telco churn CSV at /mnt/data. Copying into repo data/raw for reproducible runs.
2026-03-24 23:06:58 | INFO | file_test | Test message
2026-03-24 23:06:58 | INFO | main | Starting pipeline
2026-03-24 23:06:58 | INFO | main | Ensured directory exists: data/raw
2026-03-24 23:06:58 | INFO | main | Ensured directory exists: data/processed
2026-03-24 23:06:58 | INFO | main | Ensured directory exists: models
2026-03-24 23:06:58 | INFO | main | Ensured directory exists: reports
2026-03-24 23:06:58 | INFO | main | Ensured directory exists: logs
2026-03-24 23:06:58 | INFO | main | Loading raw data from: /private/var/folders/dz/mp6v9x4n2y30h186jvh_7lh40000gn/T/pytest-of-juanjose/pytest-34/test_main_orchestrates_and_wri0/dataset.csv
2026-03-24 23:06:58 | INFO | main | Raw shape: (8, 3)
2026-03-24 23:06:58 | INFO | main | Cleaning data (target=target)
2026-03-24 23:06:58 | INFO | main | Clean shape: (8, 3)
2026-03-24 23:06:58 | INFO | main | Validating required columns against schema
2026-03-24 23:06:58 | INFO | main | Saving processed data to: /private/var/folders/dz/mp6v9x4n2y30h186jvh_7lh40000gn/T/pytest-of-juanjose/pytest-34/test_main_orchestrates_and_wri0/clean.csv
2026-03-24 23:06:58 | INFO | main | Splitting data into Train/Test
2026-03-24 23:06:58 | INFO | main | Split sizes -> train=6, test=2
2026-03-24 23:06:58 | INFO | main | Building feature preprocessor (unfitted)
2026-03-24 23:06:58 | INFO | main | Training model (fit only on TRAIN split)
2026-03-24 23:06:58 | INFO | main | Saving model artifact to: /private/var/folders/dz/mp6v9x4n2y30h186jvh_7lh40000gn/T/pytest-of-juanjose/pytest-34/test_main_orchestrates_and_wri0/model.pkl
2026-03-24 23:06:58 | INFO | main | Evaluating on TEST split
2026-03-24 23:06:58 | INFO | main | Validation metric = 0.99
2026-03-24 23:06:58 | INFO | main | Running inference on TEST sample and saving predictions
2026-03-24 23:06:58 | INFO | main | Pipeline complete ✅
2026-03-24 23:06:58 | WARNING | src.train | 'model__learning_rate' not in param_grid — using default values: [0.01, 0.15]
2026-03-24 23:06:58 | WARNING | src.train | 'model__n_estimators' not in param_grid — using default values: [100, 300]
2026-03-24 23:06:58 | WARNING | src.train | 'model__subsample' not in param_grid — using default values: [0.7, 0.9]
2026-03-24 23:06:58 | WARNING | src.train | 'model__colsample_bytree' not in param_grid — using default values: [0.7, 0.9]
2026-03-24 23:06:58 | WARNING | src.train | 'model__gamma' not in param_grid — using default values: [0, 0.1]
2026-03-24 23:06:58 | WARNING | src.train | 'model__learning_rate' not in param_grid — using default values: [0.01, 0.15]
2026-03-24 23:06:58 | WARNING | src.train | 'model__n_estimators' not in param_grid — using default values: [100, 300]
2026-03-24 23:06:58 | WARNING | src.train | 'model__subsample' not in param_grid — using default values: [0.7, 0.9]
2026-03-24 23:06:58 | WARNING | src.train | 'model__colsample_bytree' not in param_grid — using default values: [0.7, 0.9]
2026-03-24 23:06:58 | WARNING | src.train | 'model__gamma' not in param_grid — using default values: [0, 0.1]
2026-03-24 23:06:58 | WARNING | src.train | 'model__max_depth' not in param_grid — using default values: [3, 6]
2026-03-24 23:06:58 | WARNING | src.train | 'model__learning_rate' not in param_grid — using default values: [0.01, 0.15]
2026-03-24 23:06:58 | WARNING | src.train | 'model__n_estimators' not in param_grid — using default values: [100, 300]
2026-03-24 23:06:58 | WARNING | src.train | 'model__subsample' not in param_grid — using default values: [0.7, 0.9]
2026-03-24 23:06:58 | WARNING | src.train | 'model__colsample_bytree' not in param_grid — using default values: [0.7, 0.9]
2026-03-24 23:06:58 | WARNING | src.train | 'model__gamma' not in param_grid — using default values: [0, 0.1]
2026-03-24 23:06:58 | INFO | src.train | Starting model training | problem_type='classification'
2026-03-24 23:07:00 | INFO | src.train | Best Parameters: {'model__colsample_bytree': 1.0, 'model__gamma': 0, 'model__learning_rate': 0.1, 'model__max_depth': 3, 'model__n_estimators': 50, 'model__subsample': 1.0}
2026-03-24 23:07:00 | INFO | src.train | Best CV F1: 0.8844
2026-03-24 23:07:00 | INFO | src.train | Starting model training | problem_type='regression'
2026-03-24 23:07:02 | INFO | src.train | Best Parameters: {'model__colsample_bytree': 1.0, 'model__gamma': 0, 'model__learning_rate': 0.1, 'model__max_depth': 3, 'model__n_estimators': 50, 'model__subsample': 1.0}
2026-03-24 23:07:02 | INFO | src.train | Best CV RMSE: 0.2308
2026-03-24 23:07:02 | INFO | src.train | Starting model training | problem_type='classification'
2026-03-24 23:07:02 | INFO | src.train | Best Parameters: {'model__colsample_bytree': 1.0, 'model__gamma': 0, 'model__learning_rate': 0.1, 'model__max_depth': 3, 'model__n_estimators': 50, 'model__subsample': 1.0}
2026-03-24 23:07:02 | INFO | src.train | Best CV F1: 0.8844
2026-03-24 23:07:02 | INFO | src.train | Starting model training | problem_type='classification'
2026-03-24 23:07:02 | INFO | src.train | Best Parameters: {'model__colsample_bytree': 1.0, 'model__gamma': 0, 'model__learning_rate': 0.1, 'model__max_depth': 3, 'model__n_estimators': 50, 'model__subsample': 1.0}
2026-03-24 23:07:02 | INFO | src.train | Best CV F1: 0.8844
2026-03-24 23:07:02 | INFO | src.train | Starting model training | problem_type='regression'
2026-03-24 23:07:02 | INFO | src.train | Best Parameters: {'model__colsample_bytree': 1.0, 'model__gamma': 0, 'model__learning_rate': 0.1, 'model__max_depth': 3, 'model__n_estimators': 50, 'model__subsample': 1.0}
2026-03-24 23:07:02 | INFO | src.train | Best CV RMSE: 0.2308
2026-03-24 23:07:02 | INFO | src.train | Starting model training | problem_type='classification'
2026-03-24 23:07:02 | INFO | src.train | Best Parameters: {'model__colsample_bytree': 1.0, 'model__gamma': 0, 'model__learning_rate': 0.1, 'model__max_depth': 3, 'model__n_estimators': 50, 'model__subsample': 1.0}
2026-03-24 23:07:02 | INFO | src.train | Best CV F1: 0.8844
2026-03-24 23:07:02 | INFO | src.train | Starting model training | problem_type='regression'
2026-03-24 23:07:03 | INFO | src.train | Best Parameters: {'model__colsample_bytree': 1.0, 'model__gamma': 0, 'model__learning_rate': 0.1, 'model__max_depth': 3, 'model__n_estimators': 50, 'model__subsample': 1.0}
2026-03-24 23:07:03 | INFO | src.train | Best CV RMSE: 0.2308
2026-03-24 23:07:03 | INFO | src.train | Starting model training | problem_type='classification'
2026-03-24 23:07:03 | INFO | src.train | Best Parameters: {'model__colsample_bytree': 1.0, 'model__gamma': 0, 'model__learning_rate': 0.1, 'model__max_depth': 3, 'model__n_estimators': 50, 'model__subsample': 1.0}
2026-03-24 23:07:03 | INFO | src.train | Best CV F1: 0.8844
2026-03-24 23:07:03 | INFO | src.train | Starting model training | problem_type='clustering'
2026-03-24 23:07:03 | INFO | src.train | Starting model training | problem_type='classification'
2026-03-24 23:07:03 | INFO | src.train | Starting model training | problem_type='classification'
2026-03-24 23:07:03 | INFO | src.train | Starting model training | problem_type='classification'
2026-03-24 23:07:03 | WARNING | src.train | 'model__max_depth' not in param_grid — using default values: [3, 6]
2026-03-24 23:07:03 | WARNING | src.train | 'model__learning_rate' not in param_grid — using default values: [0.01, 0.15]
2026-03-24 23:07:03 | WARNING | src.train | 'model__n_estimators' not in param_grid — using default values: [100, 300]
2026-03-24 23:07:03 | WARNING | src.train | 'model__subsample' not in param_grid — using default values: [0.7, 0.9]
2026-03-24 23:07:03 | WARNING | src.train | 'model__colsample_bytree' not in param_grid — using default values: [0.7, 0.9]
2026-03-24 23:07:03 | WARNING | src.train | 'model__gamma' not in param_grid — using default values: [0, 0.1]
2026-03-24 23:07:03 | INFO | src.train | Best Parameters: {'model__max_depth': 3}
2026-03-24 23:07:03 | INFO | src.train | Best CV F1: 0.7500
2026-03-24 23:07:03 | INFO | src.train | Starting model training | problem_type='regression'
2026-03-24 23:07:03 | WARNING | src.train | 'model__max_depth' not in param_grid — using default values: [3, 6]
2026-03-24 23:07:03 | WARNING | src.train | 'model__learning_rate' not in param_grid — using default values: [0.01, 0.15]
2026-03-24 23:07:03 | WARNING | src.train | 'model__n_estimators' not in param_grid — using default values: [100, 300]
2026-03-24 23:07:03 | WARNING | src.train | 'model__subsample' not in param_grid — using default values: [0.7, 0.9]
2026-03-24 23:07:03 | WARNING | src.train | 'model__colsample_bytree' not in param_grid — using default values: [0.7, 0.9]
2026-03-24 23:07:03 | WARNING | src.train | 'model__gamma' not in param_grid — using default values: [0, 0.1]
2026-03-24 23:07:03 | INFO | src.train | Best Parameters: {'model__max_depth': 3}
2026-03-24 23:07:03 | INFO | src.train | Best CV RMSE: 0.5000
2026-03-24 23:07:03 | INFO | src.train | Starting model training | problem_type='classification'
2026-03-24 23:07:03 | INFO | src.train | Best Parameters: {'model__colsample_bytree': 1.0, 'model__gamma': 0, 'model__learning_rate': 0.1, 'model__max_depth': 3, 'model__n_estimators': 50, 'model__subsample': 1.0}
2026-03-24 23:07:03 | INFO | src.train | Best CV F1: 0.8844
2026-03-24 23:07:03 | INFO | src.train | Starting model training | problem_type='regression'
2026-03-24 23:07:04 | INFO | src.train | Best Parameters: {'model__colsample_bytree': 1.0, 'model__gamma': 0, 'model__learning_rate': 0.1, 'model__max_depth': 3, 'model__n_estimators': 50, 'model__subsample': 1.0}
2026-03-24 23:07:04 | INFO | src.train | Best CV RMSE: 0.2308
2026-03-24 23:07:04 | INFO | src.train | Starting model training | problem_type='classification'
2026-03-24 23:07:04 | INFO | src.train | Best Parameters: {'model__colsample_bytree': 1.0, 'model__gamma': 0, 'model__learning_rate': 0.1, 'model__max_depth': 3, 'model__n_estimators': 50, 'model__subsample': 1.0}
2026-03-24 23:07:04 | INFO | src.train | Best CV F1: 0.8844
2026-03-24 23:07:04 | INFO | src.validate | Running data quality checks...
2026-03-24 23:07:04 | INFO | src.validate | [validate] PASSED  — Shape: 3 rows × 5 cols
2026-03-24 23:07:04 | INFO | src.validate | PASSED  — No fully-NaN rows found
2026-03-24 23:07:04 | INFO | src.validate | PASSED  — Schema OK for 5 column(s) (NaN policy enforced per column)
2026-03-24 23:07:04 | INFO | src.validate | PASSED  — Target column 'Churn' present
2026-03-24 23:07:04 | INFO | src.validate | PASSED  — Target classes {np.int64(0), np.int64(1)} ⊆ allowed {0, 1}
2026-03-24 23:07:04 | INFO | src.validate | PASSED  — No negative values across 4 numeric column(s)
2026-03-24 23:07:04 | INFO | src.validate | All checks passed ✓
2026-03-24 23:07:04 | INFO | src.validate | Running data quality checks...
2026-03-24 23:07:04 | INFO | src.validate | [validate] PASSED  — Shape: 3 rows × 3 cols
2026-03-24 23:07:04 | INFO | src.validate | PASSED  — No fully-NaN rows found
2026-03-24 23:07:04 | INFO | src.validate | PASSED  — Schema OK for 3 column(s) (NaN policy enforced per column)
2026-03-24 23:07:04 | INFO | src.validate | PASSED  — Target column 'HousePrice' present
2026-03-24 23:07:04 | INFO | src.validate | [validate] PASSED  — Target 'HousePrice' is numeric
2026-03-24 23:07:04 | INFO | src.validate | PASSED  — Regression target within range [0, 1000000]  (min=1.75e+05, max=4e+05)
2026-03-24 23:07:04 | INFO | src.validate | PASSED  — No negative values across 3 numeric column(s)
2026-03-24 23:07:04 | INFO | src.validate | All checks passed ✓
2026-03-24 23:07:04 | INFO | src.validate | Running data quality checks...
2026-03-24 23:07:04 | INFO | src.validate | [validate] PASSED  — Shape: 3 rows × 5 cols
2026-03-24 23:07:04 | INFO | src.validate | PASSED  — No fully-NaN rows found
2026-03-24 23:07:04 | INFO | src.validate | PASSED  — Schema OK for 5 column(s) (NaN policy enforced per column)
2026-03-24 23:07:04 | INFO | src.validate | PASSED  — Target column 'Churn' present
2026-03-24 23:07:04 | INFO | src.validate | No allowed_classes specified for classification target. Found classes: {np.int64(0), np.int64(1)}
2026-03-24 23:07:04 | INFO | src.validate | PASSED  — No negative values across 4 numeric column(s)
2026-03-24 23:07:04 | INFO | src.validate | All checks passed ✓
2026-03-24 23:07:04 | INFO | src.validate | Running data quality checks...
2026-03-24 23:07:04 | INFO | src.validate | [validate] PASSED  — Shape: 3 rows × 3 cols
2026-03-24 23:07:04 | INFO | src.validate | PASSED  — No fully-NaN rows found
2026-03-24 23:07:04 | INFO | src.validate | PASSED  — Schema OK for 3 column(s) (NaN policy enforced per column)
2026-03-24 23:07:04 | INFO | src.validate | PASSED  — Target column 'HousePrice' present
2026-03-24 23:07:04 | INFO | src.validate | [validate] PASSED  — Target 'HousePrice' is numeric
2026-03-24 23:07:04 | INFO | src.validate | PASSED  — No negative values across 3 numeric column(s)
2026-03-24 23:07:04 | INFO | src.validate | All checks passed ✓
2026-03-24 23:07:04 | INFO | src.validate | Running data quality checks...
2026-03-24 23:07:04 | INFO | src.validate | [validate] PASSED  — Shape: 3 rows × 5 cols
2026-03-24 23:07:04 | INFO | src.validate | PASSED  — No fully-NaN rows found
2026-03-24 23:07:04 | INFO | src.validate | 'MonthlyCharges' has 1 NaN(s) (accept_nan=True → will be imputed downstream)
2026-03-24 23:07:04 | INFO | src.validate | PASSED  — Schema OK for 5 column(s) (NaN policy enforced per column)
2026-03-24 23:07:04 | INFO | src.validate | PASSED  — Target column 'Churn' present
2026-03-24 23:07:04 | INFO | src.validate | PASSED  — Target classes {np.int64(0), np.int64(1)} ⊆ allowed {0, 1}
2026-03-24 23:07:04 | INFO | src.validate | PASSED  — No negative values across 4 numeric column(s)
2026-03-24 23:07:04 | INFO | src.validate | All checks passed ✓
2026-03-24 23:07:04 | INFO | src.validate | Running data quality checks...
2026-03-24 23:07:04 | INFO | src.validate | Running data quality checks...
2026-03-24 23:07:04 | INFO | src.validate | Running data quality checks...
2026-03-24 23:07:04 | INFO | src.validate | [validate] PASSED  — Shape: 3 rows × 5 cols
2026-03-24 23:07:04 | INFO | src.validate | PASSED  — No fully-NaN rows found
2026-03-24 23:07:04 | INFO | src.validate | PASSED  — Schema OK for 5 column(s) (NaN policy enforced per column)
2026-03-24 23:07:04 | INFO | src.validate | Running data quality checks...
2026-03-24 23:07:04 | INFO | src.validate | Running data quality checks...
2026-03-24 23:07:04 | INFO | src.validate | [validate] PASSED  — Shape: 3 rows × 5 cols
2026-03-24 23:07:04 | INFO | src.validate | PASSED  — No fully-NaN rows found
2026-03-24 23:07:04 | INFO | src.validate | Running data quality checks...
2026-03-24 23:07:04 | INFO | src.validate | [validate] PASSED  — Shape: 3 rows × 5 cols
2026-03-24 23:07:04 | INFO | src.validate | PASSED  — No fully-NaN rows found
2026-03-24 23:07:04 | INFO | src.validate | Running data quality checks...
2026-03-24 23:07:04 | INFO | src.validate | [validate] PASSED  — Shape: 3 rows × 5 cols
2026-03-24 23:07:04 | INFO | src.validate | PASSED  — No fully-NaN rows found
2026-03-24 23:07:04 | INFO | src.validate | Running data quality checks...
2026-03-24 23:07:04 | INFO | src.validate | [validate] PASSED  — Shape: 3 rows × 5 cols
2026-03-24 23:07:04 | INFO | src.validate | PASSED  — No fully-NaN rows found
2026-03-24 23:07:04 | INFO | src.validate | Running data quality checks...
2026-03-24 23:07:04 | INFO | src.validate | [validate] PASSED  — Shape: 3 rows × 5 cols
2026-03-24 23:07:04 | INFO | src.validate | PASSED  — No fully-NaN rows found
2026-03-24 23:07:04 | INFO | src.validate | PASSED  — Schema OK for 5 column(s) (NaN policy enforced per column)
2026-03-24 23:07:04 | INFO | src.validate | PASSED  — Target column 'Churn' present
2026-03-24 23:07:04 | INFO | src.validate | Running data quality checks...
2026-03-24 23:07:04 | INFO | src.validate | [validate] PASSED  — Shape: 3 rows × 5 cols
2026-03-24 23:07:04 | INFO | src.validate | PASSED  — No fully-NaN rows found
2026-03-24 23:07:04 | INFO | src.validate | PASSED  — Schema OK for 5 column(s) (NaN policy enforced per column)
2026-03-24 23:07:04 | INFO | src.validate | PASSED  — Target column 'Churn' present
2026-03-24 23:07:04 | INFO | src.validate | PASSED  — Target classes {np.int64(0), np.int64(1)} ⊆ allowed {0, 1}
2026-03-24 23:07:04 | INFO | src.validate | PASSED  — No negative values across 4 numeric column(s)
2026-03-24 23:07:04 | INFO | src.validate | All checks passed ✓
2026-03-24 23:07:04 | INFO | src.validate | Running data quality checks...
2026-03-24 23:07:04 | INFO | src.validate | [validate] PASSED  — Shape: 3 rows × 3 cols
2026-03-24 23:07:04 | INFO | src.validate | PASSED  — No fully-NaN rows found
2026-03-24 23:07:04 | INFO | src.validate | Running data quality checks...
2026-03-24 23:07:04 | INFO | src.validate | [validate] PASSED  — Shape: 3 rows × 3 cols
2026-03-24 23:07:04 | INFO | src.validate | PASSED  — No fully-NaN rows found
2026-03-24 23:07:04 | INFO | src.validate | PASSED  — Schema OK for 3 column(s) (NaN policy enforced per column)
2026-03-24 23:07:04 | INFO | src.validate | PASSED  — Target column 'HousePrice' present
2026-03-24 23:07:04 | INFO | src.validate | [validate] PASSED  — Target 'HousePrice' is numeric
2026-03-24 23:07:04 | INFO | src.validate | Running data quality checks...
2026-03-24 23:07:04 | INFO | src.validate | [validate] PASSED  — Shape: 3 rows × 3 cols
2026-03-24 23:07:04 | INFO | src.validate | PASSED  — No fully-NaN rows found
2026-03-24 23:07:04 | INFO | src.validate | PASSED  — Schema OK for 3 column(s) (NaN policy enforced per column)
2026-03-24 23:07:04 | INFO | src.validate | PASSED  — Target column 'HousePrice' present
2026-03-24 23:07:04 | INFO | src.validate | [validate] PASSED  — Target 'HousePrice' is numeric
2026-03-24 23:07:04 | INFO | src.validate | PASSED  — Regression target within range [0, 1000000]  (min=1.75e+05, max=4e+05)
2026-03-24 23:07:04 | INFO | src.validate | PASSED  — No negative values across 3 numeric column(s)
2026-03-24 23:07:04 | INFO | src.validate | All checks passed ✓
2026-03-24 23:07:04 | INFO | src.validate | Running data quality checks...
2026-03-24 23:07:04 | INFO | src.validate | [validate] PASSED  — Shape: 3 rows × 5 cols
2026-03-24 23:07:04 | INFO | src.validate | Running data quality checks...
2026-03-24 23:07:04 | INFO | src.validate | [validate] PASSED  — Shape: 3 rows × 5 cols
2026-03-24 23:07:04 | INFO | src.validate | PASSED  — No fully-NaN rows found
2026-03-24 23:07:04 | INFO | src.validate | PASSED  — Schema OK for 5 column(s) (NaN policy enforced per column)
2026-03-24 23:07:04 | INFO | src.validate | PASSED  — Target column 'Churn' present
2026-03-24 23:07:04 | INFO | src.validate | PASSED  — Target classes {np.int64(0), np.int64(1)} ⊆ allowed {0, 1}
2026-03-24 23:07:04 | INFO | src.validate | Running data quality checks...
2026-03-24 23:07:04 | INFO | src.validate | [validate] PASSED  — Shape: 3 rows × 5 cols
2026-03-24 23:07:04 | INFO | src.validate | PASSED  — No fully-NaN rows found
2026-03-24 23:07:04 | INFO | src.validate | PASSED  — Schema OK for 5 column(s) (NaN policy enforced per column)
2026-03-24 23:07:04 | INFO | src.validate | PASSED  — Target column 'Churn' present
2026-03-24 23:07:04 | INFO | src.validate | PASSED  — Target classes {np.int64(0), np.int64(1)} ⊆ allowed {0, 1}
2026-03-24 23:07:04 | INFO | src.validate | PASSED  — No negative values across 4 numeric column(s)
2026-03-24 23:07:04 | INFO | src.validate | All checks passed ✓
2026-03-24 23:09:12 | INFO | main | Starting pipeline
2026-03-24 23:09:12 | INFO | main | Ensured directory exists: data/raw
2026-03-24 23:09:12 | INFO | main | Ensured directory exists: data/processed
2026-03-24 23:09:12 | INFO | main | Ensured directory exists: models
2026-03-24 23:09:12 | INFO | main | Ensured directory exists: reports
2026-03-24 23:09:12 | INFO | main | Ensured directory exists: logs
2026-03-24 23:09:12 | INFO | main | Loading raw data from: data/raw/WA_Fn-UseC_-Telco-Customer-Churn.csv
2026-03-24 23:09:12 | WARNING | src.load_data | 
!!!!!!!!!!!!!!!!!!!!!!!!!!!!!!!!!!!!!!!!!!!!!!!!!!!!!!!!!!!!!!!!!!!
Reference data/raw/dataset.csv not found.
Dummy dataset created for scaffolding ONLY.
Path: data/raw/WA_Fn-UseC_-Telco-Customer-Churn.csv
Columns are hardcoded: num_feature, cat_feature, target
You MUST replace this with your real dataset and update config.yaml.
!!!!!!!!!!!!!!!!!!!!!!!!!!!!!!!!!!!!!!!!!!!!!!!!!!!!!!!!!!!!!!!!!!!

2026-03-24 23:09:12 | INFO | main | Raw shape: (7043, 21)
2026-03-24 23:09:12 | INFO | main | Cleaning data (target=Churn)
2026-03-24 23:09:12 | INFO | src.clean_data | Cleaning dataframe (baseline: identity copy)
2026-03-24 23:09:12 | INFO | src.clean_data | Dropping ID columns: ['customerID']
2026-03-24 23:09:12 | INFO | main | Clean shape: (7043, 20)
2026-03-24 23:09:12 | INFO | main | Validating required columns against schema
2026-03-24 23:09:12 | INFO | src.validate | Running data quality checks...
2026-03-24 23:09:12 | INFO | src.validate | [validate] PASSED  — Shape: 7,043 rows × 20 cols
2026-03-24 23:09:12 | INFO | src.validate | PASSED  — No fully-NaN rows found
2026-03-24 23:09:12 | INFO | src.validate | PASSED  — Schema OK for 20 column(s) (NaN policy enforced per column)
2026-03-24 23:09:12 | INFO | src.validate | PASSED  — Target column 'Churn' present
2026-03-24 23:09:12 | INFO | src.validate | PASSED  — Target classes {np.float64(0.0), np.float64(1.0)} ⊆ allowed {0, 1}
2026-03-24 23:09:12 | INFO | src.validate | PASSED  — No negative values across 5 numeric column(s)
2026-03-24 23:09:12 | INFO | src.validate | All checks passed ✓
2026-03-24 23:09:12 | INFO | main | Saving processed data to: data/processed/clean.csv
2026-03-24 23:09:12 | INFO | main | Splitting data into Train/Test
2026-03-24 23:09:12 | INFO | main | Split sizes -> train=5634, test=1409
2026-03-24 23:09:12 | INFO | main | Building feature preprocessor (unfitted)
2026-03-24 23:09:12 | INFO | main | Training model (fit only on TRAIN split)
2026-03-24 23:09:12 | INFO | src.train | Starting model training | problem_type='classification'
2026-03-24 23:09:12 | WARNING | src.train | 'model__max_depth' not in param_grid — using default values: [3, 6]
2026-03-24 23:09:12 | WARNING | src.train | 'model__learning_rate' not in param_grid — using default values: [0.01, 0.15]
2026-03-24 23:09:12 | WARNING | src.train | 'model__n_estimators' not in param_grid — using default values: [100, 300]
2026-03-24 23:09:12 | WARNING | src.train | 'model__subsample' not in param_grid — using default values: [0.7, 0.9]
2026-03-24 23:09:12 | WARNING | src.train | 'model__colsample_bytree' not in param_grid — using default values: [0.7, 0.9]
2026-03-24 23:09:12 | WARNING | src.train | 'model__gamma' not in param_grid — using default values: [0, 0.1]
2026-03-24 23:09:36 | INFO | src.train | Best Parameters: {'model__colsample_bytree': 0.9, 'model__gamma': 0.1, 'model__learning_rate': 0.15, 'model__max_depth': 3, 'model__n_estimators': 100, 'model__subsample': 0.9}
2026-03-24 23:09:36 | INFO | src.train | Best CV F1: 0.5902
2026-03-24 23:09:36 | INFO | main | Saving model artifact to: models/model.joblib
2026-03-24 23:09:36 | INFO | main | Evaluating on TEST split
2026-03-24 23:09:36 | INFO | main | Validation metric = 0.5753012048192772
2026-03-24 23:09:36 | INFO | main | Running inference on TEST sample and saving predictions
2026-03-24 23:09:36 | INFO | main | Pipeline complete ✅
2026-03-24 23:21:32 | INFO | src.clean_data | Cleaning dataframe (baseline: identity copy)
2026-03-24 23:21:32 | INFO | src.clean_data | Cleaning dataframe (baseline: identity copy)
2026-03-24 23:21:32 | INFO | src.clean_data | Cleaning dataframe (baseline: identity copy)
2026-03-24 23:21:32 | INFO | src.clean_data | Cleaning dataframe (baseline: identity copy)
2026-03-24 23:21:32 | INFO | src.clean_data | Dropping ID columns: ['id_col']
2026-03-24 23:21:32 | INFO | src.clean_data | Cleaning dataframe (baseline: identity copy)
2026-03-24 23:21:32 | INFO | src.clean_data | Cleaning dataframe (baseline: identity copy)
2026-03-24 23:21:32 | INFO | src.clean_data | Dropping ID columns: ['id_col_1', 'id_col_2']
2026-03-24 23:21:32 | INFO | src.clean_data | Cleaning dataframe (baseline: identity copy)
2026-03-24 23:21:32 | INFO | src.clean_data | Cleaning dataframe (baseline: identity copy)
2026-03-24 23:21:32 | INFO | src.load_data | Loading raw data from: /private/var/folders/dz/mp6v9x4n2y30h186jvh_7lh40000gn/T/pytest-of-juanjose/pytest-35/test_load_existing_csv0/existing.csv
2026-03-24 23:21:32 | INFO | src.load_data | Loading raw data from: /private/var/folders/dz/mp6v9x4n2y30h186jvh_7lh40000gn/T/pytest-of-juanjose/pytest-35/test_load_missing_csv_creates_0/missing.csv
2026-03-24 23:21:32 | WARNING | src.load_data | Creating dummy dataset because raw_data_path does not exist.
2026-03-24 23:21:32 | INFO | src.load_data | Loading raw data from: /private/var/folders/dz/mp6v9x4n2y30h186jvh_7lh40000gn/T/pytest-of-juanjose/pytest-35/test_load_alt_path_copying0/test_alt.csv
2026-03-24 23:21:32 | INFO | src.load_data | Found Telco churn CSV at /mnt/data. Copying into repo data/raw for reproducible runs.
2026-03-24 23:21:32 | INFO | file_test | Test message
2026-03-24 23:21:32 | INFO | main | Starting pipeline
2026-03-24 23:21:32 | INFO | main | Ensured directory exists: data/raw
2026-03-24 23:21:32 | INFO | main | Ensured directory exists: data/processed
2026-03-24 23:21:32 | INFO | main | Ensured directory exists: models
2026-03-24 23:21:32 | INFO | main | Ensured directory exists: reports
2026-03-24 23:21:32 | INFO | main | Ensured directory exists: logs
2026-03-24 23:21:32 | INFO | main | Loading raw data from: /private/var/folders/dz/mp6v9x4n2y30h186jvh_7lh40000gn/T/pytest-of-juanjose/pytest-35/test_main_orchestrates_and_wri0/dataset.csv
2026-03-24 23:21:32 | INFO | main | Raw shape: (8, 3)
2026-03-24 23:21:32 | INFO | main | Cleaning data (target=target)
2026-03-24 23:21:32 | INFO | main | Clean shape: (8, 3)
2026-03-24 23:21:32 | INFO | main | Validating required columns against schema
2026-03-24 23:21:32 | INFO | main | Saving processed data to: /private/var/folders/dz/mp6v9x4n2y30h186jvh_7lh40000gn/T/pytest-of-juanjose/pytest-35/test_main_orchestrates_and_wri0/clean.csv
2026-03-24 23:21:32 | INFO | main | Splitting data into Train/Test
2026-03-24 23:21:32 | INFO | main | Split sizes -> train=6, test=2
2026-03-24 23:21:32 | INFO | main | Building feature preprocessor (unfitted)
2026-03-24 23:21:32 | INFO | main | Training model (fit only on TRAIN split)
2026-03-24 23:21:32 | INFO | main | Saving model artifact to: /private/var/folders/dz/mp6v9x4n2y30h186jvh_7lh40000gn/T/pytest-of-juanjose/pytest-35/test_main_orchestrates_and_wri0/model.pkl
2026-03-24 23:21:32 | INFO | main | Evaluating on TEST split
2026-03-24 23:21:32 | INFO | main | Validation metric = 0.99
2026-03-24 23:21:32 | INFO | main | Running inference on TEST sample and saving predictions
2026-03-24 23:21:32 | INFO | main | Pipeline complete ✅
2026-03-24 23:21:32 | INFO | main | === PIPELINE FINISHED ===
2026-03-24 23:21:32 | INFO | main | Metric (classification): 0.99
2026-03-24 23:21:32 | INFO | main | Saved cleaned data to: /private/var/folders/dz/mp6v9x4n2y30h186jvh_7lh40000gn/T/pytest-of-juanjose/pytest-35/test_main_orchestrates_and_wri0/clean.csv
2026-03-24 23:21:32 | INFO | main | Saved model to: /private/var/folders/dz/mp6v9x4n2y30h186jvh_7lh40000gn/T/pytest-of-juanjose/pytest-35/test_main_orchestrates_and_wri0/model.pkl
2026-03-24 23:21:32 | INFO | main | Saved predictions to: /private/var/folders/dz/mp6v9x4n2y30h186jvh_7lh40000gn/T/pytest-of-juanjose/pytest-35/test_main_orchestrates_and_wri0/preds.csv
2026-03-24 23:21:32 | WARNING | src.train | 'model__learning_rate' not in param_grid — using default values: [0.01, 0.15]
2026-03-24 23:21:32 | WARNING | src.train | 'model__n_estimators' not in param_grid — using default values: [100, 300]
2026-03-24 23:21:32 | WARNING | src.train | 'model__subsample' not in param_grid — using default values: [0.7, 0.9]
2026-03-24 23:21:32 | WARNING | src.train | 'model__colsample_bytree' not in param_grid — using default values: [0.7, 0.9]
2026-03-24 23:21:32 | WARNING | src.train | 'model__gamma' not in param_grid — using default values: [0, 0.1]
2026-03-24 23:21:32 | WARNING | src.train | 'model__learning_rate' not in param_grid — using default values: [0.01, 0.15]
2026-03-24 23:21:32 | WARNING | src.train | 'model__n_estimators' not in param_grid — using default values: [100, 300]
2026-03-24 23:21:32 | WARNING | src.train | 'model__subsample' not in param_grid — using default values: [0.7, 0.9]
2026-03-24 23:21:32 | WARNING | src.train | 'model__colsample_bytree' not in param_grid — using default values: [0.7, 0.9]
2026-03-24 23:21:32 | WARNING | src.train | 'model__gamma' not in param_grid — using default values: [0, 0.1]
2026-03-24 23:21:32 | WARNING | src.train | 'model__max_depth' not in param_grid — using default values: [3, 6]
2026-03-24 23:21:32 | WARNING | src.train | 'model__learning_rate' not in param_grid — using default values: [0.01, 0.15]
2026-03-24 23:21:32 | WARNING | src.train | 'model__n_estimators' not in param_grid — using default values: [100, 300]
2026-03-24 23:21:32 | WARNING | src.train | 'model__subsample' not in param_grid — using default values: [0.7, 0.9]
2026-03-24 23:21:32 | WARNING | src.train | 'model__colsample_bytree' not in param_grid — using default values: [0.7, 0.9]
2026-03-24 23:21:32 | WARNING | src.train | 'model__gamma' not in param_grid — using default values: [0, 0.1]
2026-03-24 23:21:32 | INFO | src.train | Starting model training | problem_type='classification'
2026-03-24 23:21:34 | INFO | src.train | Best Parameters: {'model__colsample_bytree': 1.0, 'model__gamma': 0, 'model__learning_rate': 0.1, 'model__max_depth': 3, 'model__n_estimators': 50, 'model__subsample': 1.0}
2026-03-24 23:21:34 | INFO | src.train | Best CV F1: 0.8844
2026-03-24 23:21:34 | INFO | src.train | Starting model training | problem_type='regression'
2026-03-24 23:21:35 | INFO | src.train | Best Parameters: {'model__colsample_bytree': 1.0, 'model__gamma': 0, 'model__learning_rate': 0.1, 'model__max_depth': 3, 'model__n_estimators': 50, 'model__subsample': 1.0}
2026-03-24 23:21:35 | INFO | src.train | Best CV RMSE: 0.2308
2026-03-24 23:21:35 | INFO | src.train | Starting model training | problem_type='classification'
2026-03-24 23:21:35 | INFO | src.train | Best Parameters: {'model__colsample_bytree': 1.0, 'model__gamma': 0, 'model__learning_rate': 0.1, 'model__max_depth': 3, 'model__n_estimators': 50, 'model__subsample': 1.0}
2026-03-24 23:21:35 | INFO | src.train | Best CV F1: 0.8844
2026-03-24 23:21:35 | INFO | src.train | Starting model training | problem_type='classification'
2026-03-24 23:21:36 | INFO | src.train | Best Parameters: {'model__colsample_bytree': 1.0, 'model__gamma': 0, 'model__learning_rate': 0.1, 'model__max_depth': 3, 'model__n_estimators': 50, 'model__subsample': 1.0}
2026-03-24 23:21:36 | INFO | src.train | Best CV F1: 0.8844
2026-03-24 23:21:36 | INFO | src.train | Starting model training | problem_type='regression'
2026-03-24 23:21:37 | INFO | src.train | Best Parameters: {'model__colsample_bytree': 1.0, 'model__gamma': 0, 'model__learning_rate': 0.1, 'model__max_depth': 3, 'model__n_estimators': 50, 'model__subsample': 1.0}
2026-03-24 23:21:37 | INFO | src.train | Best CV RMSE: 0.2308
2026-03-24 23:21:37 | INFO | src.train | Starting model training | problem_type='classification'
2026-03-24 23:21:37 | INFO | src.train | Best Parameters: {'model__colsample_bytree': 1.0, 'model__gamma': 0, 'model__learning_rate': 0.1, 'model__max_depth': 3, 'model__n_estimators': 50, 'model__subsample': 1.0}
2026-03-24 23:21:37 | INFO | src.train | Best CV F1: 0.8844
2026-03-24 23:21:37 | INFO | src.train | Starting model training | problem_type='regression'
2026-03-24 23:21:37 | INFO | src.train | Best Parameters: {'model__colsample_bytree': 1.0, 'model__gamma': 0, 'model__learning_rate': 0.1, 'model__max_depth': 3, 'model__n_estimators': 50, 'model__subsample': 1.0}
2026-03-24 23:21:37 | INFO | src.train | Best CV RMSE: 0.2308
2026-03-24 23:21:37 | INFO | src.train | Starting model training | problem_type='classification'
2026-03-24 23:21:37 | INFO | src.train | Best Parameters: {'model__colsample_bytree': 1.0, 'model__gamma': 0, 'model__learning_rate': 0.1, 'model__max_depth': 3, 'model__n_estimators': 50, 'model__subsample': 1.0}
2026-03-24 23:21:37 | INFO | src.train | Best CV F1: 0.8844
2026-03-24 23:21:37 | INFO | src.train | Starting model training | problem_type='clustering'
2026-03-24 23:21:37 | INFO | src.train | Starting model training | problem_type='classification'
2026-03-24 23:21:37 | INFO | src.train | Starting model training | problem_type='classification'
2026-03-24 23:21:37 | INFO | src.train | Starting model training | problem_type='classification'
2026-03-24 23:21:37 | WARNING | src.train | 'model__max_depth' not in param_grid — using default values: [3, 6]
2026-03-24 23:21:37 | WARNING | src.train | 'model__learning_rate' not in param_grid — using default values: [0.01, 0.15]
2026-03-24 23:21:37 | WARNING | src.train | 'model__n_estimators' not in param_grid — using default values: [100, 300]
2026-03-24 23:21:37 | WARNING | src.train | 'model__subsample' not in param_grid — using default values: [0.7, 0.9]
2026-03-24 23:21:37 | WARNING | src.train | 'model__colsample_bytree' not in param_grid — using default values: [0.7, 0.9]
2026-03-24 23:21:37 | WARNING | src.train | 'model__gamma' not in param_grid — using default values: [0, 0.1]
2026-03-24 23:21:37 | INFO | src.train | Best Parameters: {'model__max_depth': 3}
2026-03-24 23:21:37 | INFO | src.train | Best CV F1: 0.7500
2026-03-24 23:21:37 | INFO | src.train | Starting model training | problem_type='regression'
2026-03-24 23:21:37 | WARNING | src.train | 'model__max_depth' not in param_grid — using default values: [3, 6]
2026-03-24 23:21:37 | WARNING | src.train | 'model__learning_rate' not in param_grid — using default values: [0.01, 0.15]
2026-03-24 23:21:37 | WARNING | src.train | 'model__n_estimators' not in param_grid — using default values: [100, 300]
2026-03-24 23:21:37 | WARNING | src.train | 'model__subsample' not in param_grid — using default values: [0.7, 0.9]
2026-03-24 23:21:37 | WARNING | src.train | 'model__colsample_bytree' not in param_grid — using default values: [0.7, 0.9]
2026-03-24 23:21:37 | WARNING | src.train | 'model__gamma' not in param_grid — using default values: [0, 0.1]
2026-03-24 23:21:37 | INFO | src.train | Best Parameters: {'model__max_depth': 3}
2026-03-24 23:21:37 | INFO | src.train | Best CV RMSE: 0.5000
2026-03-24 23:21:37 | INFO | src.train | Starting model training | problem_type='classification'
2026-03-24 23:21:37 | INFO | src.train | Best Parameters: {'model__colsample_bytree': 1.0, 'model__gamma': 0, 'model__learning_rate': 0.1, 'model__max_depth': 3, 'model__n_estimators': 50, 'model__subsample': 1.0}
2026-03-24 23:21:37 | INFO | src.train | Best CV F1: 0.8844
2026-03-24 23:21:37 | INFO | src.train | Starting model training | problem_type='regression'
2026-03-24 23:21:37 | INFO | src.train | Best Parameters: {'model__colsample_bytree': 1.0, 'model__gamma': 0, 'model__learning_rate': 0.1, 'model__max_depth': 3, 'model__n_estimators': 50, 'model__subsample': 1.0}
2026-03-24 23:21:37 | INFO | src.train | Best CV RMSE: 0.2308
2026-03-24 23:21:37 | INFO | src.train | Starting model training | problem_type='classification'
2026-03-24 23:21:37 | INFO | src.train | Best Parameters: {'model__colsample_bytree': 1.0, 'model__gamma': 0, 'model__learning_rate': 0.1, 'model__max_depth': 3, 'model__n_estimators': 50, 'model__subsample': 1.0}
2026-03-24 23:21:37 | INFO | src.train | Best CV F1: 0.8844
2026-03-24 23:21:37 | INFO | src.validate | Running data quality checks...
2026-03-24 23:21:37 | INFO | src.validate | [validate] PASSED  — Shape: 3 rows × 5 cols
2026-03-24 23:21:37 | INFO | src.validate | PASSED  — No fully-NaN rows found
2026-03-24 23:21:37 | INFO | src.validate | PASSED  — Schema OK for 5 column(s) (NaN policy enforced per column)
2026-03-24 23:21:37 | INFO | src.validate | PASSED  — Target column 'Churn' present
2026-03-24 23:21:37 | INFO | src.validate | PASSED  — Target classes {np.int64(0), np.int64(1)} ⊆ allowed {0, 1}
2026-03-24 23:21:37 | INFO | src.validate | PASSED  — No negative values across 4 numeric column(s)
2026-03-24 23:21:37 | INFO | src.validate | All checks passed ✓
2026-03-24 23:21:37 | INFO | src.validate | Running data quality checks...
2026-03-24 23:21:37 | INFO | src.validate | [validate] PASSED  — Shape: 3 rows × 3 cols
2026-03-24 23:21:37 | INFO | src.validate | PASSED  — No fully-NaN rows found
2026-03-24 23:21:37 | INFO | src.validate | PASSED  — Schema OK for 3 column(s) (NaN policy enforced per column)
2026-03-24 23:21:37 | INFO | src.validate | PASSED  — Target column 'HousePrice' present
2026-03-24 23:21:37 | INFO | src.validate | [validate] PASSED  — Target 'HousePrice' is numeric
2026-03-24 23:21:37 | INFO | src.validate | PASSED  — Regression target within range [0, 1000000]  (min=1.75e+05, max=4e+05)
2026-03-24 23:21:37 | INFO | src.validate | PASSED  — No negative values across 3 numeric column(s)
2026-03-24 23:21:37 | INFO | src.validate | All checks passed ✓
2026-03-24 23:21:37 | INFO | src.validate | Running data quality checks...
2026-03-24 23:21:37 | INFO | src.validate | [validate] PASSED  — Shape: 3 rows × 5 cols
2026-03-24 23:21:37 | INFO | src.validate | PASSED  — No fully-NaN rows found
2026-03-24 23:21:37 | INFO | src.validate | PASSED  — Schema OK for 5 column(s) (NaN policy enforced per column)
2026-03-24 23:21:37 | INFO | src.validate | PASSED  — Target column 'Churn' present
2026-03-24 23:21:37 | INFO | src.validate | No allowed_classes specified for classification target. Found classes: {np.int64(0), np.int64(1)}
2026-03-24 23:21:37 | INFO | src.validate | PASSED  — No negative values across 4 numeric column(s)
2026-03-24 23:21:37 | INFO | src.validate | All checks passed ✓
2026-03-24 23:21:37 | INFO | src.validate | Running data quality checks...
2026-03-24 23:21:37 | INFO | src.validate | [validate] PASSED  — Shape: 3 rows × 3 cols
2026-03-24 23:21:37 | INFO | src.validate | PASSED  — No fully-NaN rows found
2026-03-24 23:21:37 | INFO | src.validate | PASSED  — Schema OK for 3 column(s) (NaN policy enforced per column)
2026-03-24 23:21:37 | INFO | src.validate | PASSED  — Target column 'HousePrice' present
2026-03-24 23:21:37 | INFO | src.validate | [validate] PASSED  — Target 'HousePrice' is numeric
2026-03-24 23:21:37 | INFO | src.validate | PASSED  — No negative values across 3 numeric column(s)
2026-03-24 23:21:37 | INFO | src.validate | All checks passed ✓
2026-03-24 23:21:37 | INFO | src.validate | Running data quality checks...
2026-03-24 23:21:37 | INFO | src.validate | [validate] PASSED  — Shape: 3 rows × 5 cols
2026-03-24 23:21:37 | INFO | src.validate | PASSED  — No fully-NaN rows found
2026-03-24 23:21:37 | INFO | src.validate | 'MonthlyCharges' has 1 NaN(s) (accept_nan=True → will be imputed downstream)
2026-03-24 23:21:37 | INFO | src.validate | PASSED  — Schema OK for 5 column(s) (NaN policy enforced per column)
2026-03-24 23:21:37 | INFO | src.validate | PASSED  — Target column 'Churn' present
2026-03-24 23:21:37 | INFO | src.validate | PASSED  — Target classes {np.int64(0), np.int64(1)} ⊆ allowed {0, 1}
2026-03-24 23:21:37 | INFO | src.validate | PASSED  — No negative values across 4 numeric column(s)
2026-03-24 23:21:37 | INFO | src.validate | All checks passed ✓
2026-03-24 23:21:37 | INFO | src.validate | Running data quality checks...
2026-03-24 23:21:37 | INFO | src.validate | Running data quality checks...
2026-03-24 23:21:37 | INFO | src.validate | Running data quality checks...
2026-03-24 23:21:37 | INFO | src.validate | [validate] PASSED  — Shape: 3 rows × 5 cols
2026-03-24 23:21:37 | INFO | src.validate | PASSED  — No fully-NaN rows found
2026-03-24 23:21:37 | INFO | src.validate | PASSED  — Schema OK for 5 column(s) (NaN policy enforced per column)
2026-03-24 23:21:37 | INFO | src.validate | Running data quality checks...
2026-03-24 23:21:37 | INFO | src.validate | Running data quality checks...
2026-03-24 23:21:37 | INFO | src.validate | [validate] PASSED  — Shape: 3 rows × 5 cols
2026-03-24 23:21:37 | INFO | src.validate | PASSED  — No fully-NaN rows found
2026-03-24 23:21:37 | INFO | src.validate | Running data quality checks...
2026-03-24 23:21:37 | INFO | src.validate | [validate] PASSED  — Shape: 3 rows × 5 cols
2026-03-24 23:21:37 | INFO | src.validate | PASSED  — No fully-NaN rows found
2026-03-24 23:21:37 | INFO | src.validate | Running data quality checks...
2026-03-24 23:21:37 | INFO | src.validate | [validate] PASSED  — Shape: 3 rows × 5 cols
2026-03-24 23:21:37 | INFO | src.validate | PASSED  — No fully-NaN rows found
2026-03-24 23:21:37 | INFO | src.validate | Running data quality checks...
2026-03-24 23:21:37 | INFO | src.validate | [validate] PASSED  — Shape: 3 rows × 5 cols
2026-03-24 23:21:37 | INFO | src.validate | PASSED  — No fully-NaN rows found
2026-03-24 23:21:37 | INFO | src.validate | Running data quality checks...
2026-03-24 23:21:37 | INFO | src.validate | [validate] PASSED  — Shape: 3 rows × 5 cols
2026-03-24 23:21:37 | INFO | src.validate | PASSED  — No fully-NaN rows found
2026-03-24 23:21:37 | INFO | src.validate | PASSED  — Schema OK for 5 column(s) (NaN policy enforced per column)
2026-03-24 23:21:37 | INFO | src.validate | PASSED  — Target column 'Churn' present
2026-03-24 23:21:37 | INFO | src.validate | Running data quality checks...
2026-03-24 23:21:37 | INFO | src.validate | [validate] PASSED  — Shape: 3 rows × 5 cols
2026-03-24 23:21:37 | INFO | src.validate | PASSED  — No fully-NaN rows found
2026-03-24 23:21:37 | INFO | src.validate | PASSED  — Schema OK for 5 column(s) (NaN policy enforced per column)
2026-03-24 23:21:37 | INFO | src.validate | PASSED  — Target column 'Churn' present
2026-03-24 23:21:37 | INFO | src.validate | PASSED  — Target classes {np.int64(0), np.int64(1)} ⊆ allowed {0, 1}
2026-03-24 23:21:37 | INFO | src.validate | PASSED  — No negative values across 4 numeric column(s)
2026-03-24 23:21:37 | INFO | src.validate | All checks passed ✓
2026-03-24 23:21:37 | INFO | src.validate | Running data quality checks...
2026-03-24 23:21:37 | INFO | src.validate | [validate] PASSED  — Shape: 3 rows × 3 cols
2026-03-24 23:21:37 | INFO | src.validate | PASSED  — No fully-NaN rows found
2026-03-24 23:21:37 | INFO | src.validate | Running data quality checks...
2026-03-24 23:21:37 | INFO | src.validate | [validate] PASSED  — Shape: 3 rows × 3 cols
2026-03-24 23:21:37 | INFO | src.validate | PASSED  — No fully-NaN rows found
2026-03-24 23:21:37 | INFO | src.validate | PASSED  — Schema OK for 3 column(s) (NaN policy enforced per column)
2026-03-24 23:21:37 | INFO | src.validate | PASSED  — Target column 'HousePrice' present
2026-03-24 23:21:37 | INFO | src.validate | [validate] PASSED  — Target 'HousePrice' is numeric
2026-03-24 23:21:37 | INFO | src.validate | Running data quality checks...
2026-03-24 23:21:37 | INFO | src.validate | [validate] PASSED  — Shape: 3 rows × 3 cols
2026-03-24 23:21:37 | INFO | src.validate | PASSED  — No fully-NaN rows found
2026-03-24 23:21:37 | INFO | src.validate | PASSED  — Schema OK for 3 column(s) (NaN policy enforced per column)
2026-03-24 23:21:37 | INFO | src.validate | PASSED  — Target column 'HousePrice' present
2026-03-24 23:21:37 | INFO | src.validate | [validate] PASSED  — Target 'HousePrice' is numeric
2026-03-24 23:21:37 | INFO | src.validate | PASSED  — Regression target within range [0, 1000000]  (min=1.75e+05, max=4e+05)
2026-03-24 23:21:37 | INFO | src.validate | PASSED  — No negative values across 3 numeric column(s)
2026-03-24 23:21:37 | INFO | src.validate | All checks passed ✓
2026-03-24 23:21:37 | INFO | src.validate | Running data quality checks...
2026-03-24 23:21:37 | INFO | src.validate | [validate] PASSED  — Shape: 3 rows × 5 cols
2026-03-24 23:21:37 | INFO | src.validate | Running data quality checks...
2026-03-24 23:21:37 | INFO | src.validate | [validate] PASSED  — Shape: 3 rows × 5 cols
2026-03-24 23:21:37 | INFO | src.validate | PASSED  — No fully-NaN rows found
2026-03-24 23:21:37 | INFO | src.validate | PASSED  — Schema OK for 5 column(s) (NaN policy enforced per column)
2026-03-24 23:21:37 | INFO | src.validate | PASSED  — Target column 'Churn' present
2026-03-24 23:21:37 | INFO | src.validate | PASSED  — Target classes {np.int64(0), np.int64(1)} ⊆ allowed {0, 1}
2026-03-24 23:21:37 | INFO | src.validate | Running data quality checks...
2026-03-24 23:21:37 | INFO | src.validate | [validate] PASSED  — Shape: 3 rows × 5 cols
2026-03-24 23:21:37 | INFO | src.validate | PASSED  — No fully-NaN rows found
2026-03-24 23:21:37 | INFO | src.validate | PASSED  — Schema OK for 5 column(s) (NaN policy enforced per column)
2026-03-24 23:21:37 | INFO | src.validate | PASSED  — Target column 'Churn' present
2026-03-24 23:21:37 | INFO | src.validate | PASSED  — Target classes {np.int64(0), np.int64(1)} ⊆ allowed {0, 1}
2026-03-24 23:21:37 | INFO | src.validate | PASSED  — No negative values across 4 numeric column(s)
2026-03-24 23:21:37 | INFO | src.validate | All checks passed ✓
2026-03-25 18:06:41 | INFO | src.clean_data | Cleaning dataframe (baseline: identity copy)
2026-03-25 18:06:41 | INFO | src.validate | Running data quality checks...
2026-03-25 18:06:41 | INFO | src.validate | [validate] PASSED  — Shape: 1 rows × 20 cols
2026-03-25 18:06:41 | INFO | src.validate | PASSED  — No fully-NaN rows found
2026-03-25 18:06:41 | INFO | src.validate | PASSED  — Schema OK for 20 column(s) (NaN policy enforced per column)
2026-03-25 18:06:41 | INFO | src.validate | PASSED  — Target column 'Churn' present
2026-03-25 18:06:41 | INFO | src.validate | PASSED  — Target classes {np.int64(0)} ⊆ allowed {0, 1}
2026-03-25 18:06:41 | INFO | src.validate | PASSED  — No negative values across 5 numeric column(s)
2026-03-25 18:06:41 | INFO | src.validate | All checks passed ✓
2026-03-25 18:06:56 | INFO | src.clean_data | Cleaning dataframe (baseline: identity copy)
2026-03-25 18:06:56 | INFO | src.validate | Running data quality checks...
2026-03-25 18:06:56 | INFO | src.validate | [validate] PASSED  — Shape: 1 rows × 20 cols
2026-03-25 18:06:56 | INFO | src.validate | PASSED  — No fully-NaN rows found
2026-03-25 18:06:56 | INFO | src.validate | PASSED  — Schema OK for 20 column(s) (NaN policy enforced per column)
2026-03-25 18:06:56 | INFO | src.validate | PASSED  — Target column 'Churn' present
2026-03-25 18:06:56 | INFO | src.validate | PASSED  — Target classes {np.int64(0)} ⊆ allowed {0, 1}
2026-03-25 18:06:56 | INFO | src.validate | PASSED  — No negative values across 5 numeric column(s)
2026-03-25 18:06:56 | INFO | src.validate | All checks passed ✓
2026-03-25 18:09:22 | INFO | src.clean_data | Cleaning dataframe (baseline: identity copy)
2026-03-25 18:09:22 | INFO | src.validate | Running data quality checks...
2026-03-25 18:09:22 | INFO | src.validate | [validate] PASSED  — Shape: 20 rows × 20 cols
2026-03-25 18:09:22 | INFO | src.validate | PASSED  — No fully-NaN rows found
2026-03-25 18:09:22 | INFO | src.validate | PASSED  — Schema OK for 20 column(s) (NaN policy enforced per column)
2026-03-25 18:09:22 | INFO | src.validate | PASSED  — Target column 'Churn' present
2026-03-25 18:09:22 | INFO | src.validate | PASSED  — Target classes {np.int64(0)} ⊆ allowed {0, 1}
2026-03-25 18:09:22 | INFO | src.validate | PASSED  — No negative values across 5 numeric column(s)
2026-03-25 18:09:22 | INFO | src.validate | All checks passed ✓
2026-03-25 18:13:23 | INFO | src.clean_data | Cleaning dataframe (baseline: identity copy)
2026-03-25 18:13:23 | INFO | src.validate | Running data quality checks...
2026-03-25 18:13:23 | INFO | src.validate | [validate] PASSED  — Shape: 20 rows × 20 cols
2026-03-25 18:13:23 | INFO | src.validate | PASSED  — No fully-NaN rows found
2026-03-25 18:13:23 | INFO | src.validate | PASSED  — Schema OK for 20 column(s) (NaN policy enforced per column)
2026-03-25 18:13:23 | INFO | src.validate | PASSED  — Target column 'Churn' present
2026-03-25 18:13:23 | INFO | src.validate | PASSED  — Target classes {np.int64(0)} ⊆ allowed {0, 1}
2026-03-25 18:13:23 | INFO | src.validate | PASSED  — No negative values across 5 numeric column(s)
2026-03-25 18:13:23 | INFO | src.validate | All checks passed ✓
2026-03-25 18:23:32 | INFO | src.clean_data | Cleaning dataframe (baseline: identity copy)
2026-03-25 18:23:32 | INFO | src.validate | Running data quality checks...
2026-03-25 18:23:32 | INFO | src.validate | [validate] PASSED  — Shape: 20 rows × 20 cols
2026-03-25 18:23:32 | INFO | src.validate | PASSED  — No fully-NaN rows found
2026-03-25 18:23:32 | INFO | src.validate | PASSED  — Schema OK for 20 column(s) (NaN policy enforced per column)
2026-03-25 18:23:32 | INFO | src.validate | PASSED  — Target column 'Churn' present
2026-03-25 18:23:32 | INFO | src.validate | PASSED  — Target classes {np.int64(0)} ⊆ allowed {0, 1}
2026-03-25 18:23:32 | INFO | src.validate | PASSED  — No negative values across 5 numeric column(s)
2026-03-25 18:23:32 | INFO | src.validate | All checks passed ✓
2026-03-25 18:28:20 | INFO | src.clean_data | Cleaning dataframe (baseline: identity copy)
2026-03-25 18:28:20 | INFO | src.validate | Running data quality checks...
2026-03-25 18:28:20 | INFO | src.validate | [validate] PASSED  — Shape: 13 rows × 20 cols
2026-03-25 18:28:20 | INFO | src.validate | PASSED  — No fully-NaN rows found
2026-03-25 18:28:20 | INFO | src.validate | PASSED  — Schema OK for 20 column(s) (NaN policy enforced per column)
2026-03-25 18:28:20 | INFO | src.validate | PASSED  — Target column 'Churn' present
2026-03-25 18:28:20 | INFO | src.validate | PASSED  — Target classes {np.int64(0)} ⊆ allowed {0, 1}
2026-03-25 18:28:20 | INFO | src.validate | PASSED  — No negative values across 5 numeric column(s)
2026-03-25 18:28:20 | INFO | src.validate | All checks passed ✓
2026-03-25 18:29:14 | INFO | src.clean_data | Cleaning dataframe (baseline: identity copy)
2026-03-25 18:29:14 | INFO | src.validate | Running data quality checks...
2026-03-25 18:29:14 | INFO | src.validate | [validate] PASSED  — Shape: 13 rows × 20 cols
2026-03-25 18:29:14 | INFO | src.validate | PASSED  — No fully-NaN rows found
2026-03-25 18:29:14 | INFO | src.validate | PASSED  — Schema OK for 20 column(s) (NaN policy enforced per column)
2026-03-25 18:29:14 | INFO | src.validate | PASSED  — Target column 'Churn' present
2026-03-25 18:29:14 | INFO | src.validate | PASSED  — Target classes {np.int64(0)} ⊆ allowed {0, 1}
2026-03-25 18:29:14 | INFO | src.validate | PASSED  — No negative values across 5 numeric column(s)
2026-03-25 18:29:14 | INFO | src.validate | All checks passed ✓
2026-03-26 19:11:42 | INFO | main | Starting pipeline
2026-03-26 19:11:42 | INFO | main | Ensured directory exists: data/raw
2026-03-26 19:11:42 | INFO | main | Ensured directory exists: data/processed
2026-03-26 19:11:42 | INFO | main | Ensured directory exists: models
2026-03-26 19:11:42 | INFO | main | Ensured directory exists: reports
2026-03-26 19:11:42 | INFO | main | Ensured directory exists: logs
2026-03-26 19:17:01 | INFO | main | Starting pipeline
2026-03-26 19:17:01 | INFO | main | Ensured directory exists: data/raw
2026-03-26 19:17:01 | INFO | main | Ensured directory exists: data/processed
2026-03-26 19:17:01 | INFO | main | Ensured directory exists: models
2026-03-26 19:17:01 | INFO | main | Ensured directory exists: reports
2026-03-26 19:17:01 | INFO | main | Ensured directory exists: logs
2026-03-26 19:17:05 | INFO | main | W&B run initialized: stoic-paper-1
2026-03-26 19:17:05 | INFO | main | Loading raw data from: data/raw/WA_Fn-UseC_-Telco-Customer-Churn.csv
2026-03-26 19:17:05 | WARNING | src.load_data | 
!!!!!!!!!!!!!!!!!!!!!!!!!!!!!!!!!!!!!!!!!!!!!!!!!!!!!!!!!!!!!!!!!!!
Reference data/raw/dataset.csv not found.
Dummy dataset created for scaffolding ONLY.
Path: data/raw/WA_Fn-UseC_-Telco-Customer-Churn.csv
Columns are hardcoded: num_feature, cat_feature, target
You MUST replace this with your real dataset and update config.yaml.
!!!!!!!!!!!!!!!!!!!!!!!!!!!!!!!!!!!!!!!!!!!!!!!!!!!!!!!!!!!!!!!!!!!

2026-03-26 19:17:05 | INFO | main | Raw shape: (7043, 21)
2026-03-26 19:17:05 | INFO | main | Cleaning data (target=Churn)
2026-03-26 19:17:05 | INFO | src.clean_data | Cleaning dataframe (baseline: identity copy)
2026-03-26 19:17:05 | INFO | src.clean_data | Dropping ID columns: ['customerID']
2026-03-26 19:17:05 | INFO | main | Clean shape: (7043, 20)
2026-03-26 19:17:05 | INFO | main | Validating required columns against schema
2026-03-26 19:17:05 | INFO | src.validate | Running data quality checks...
2026-03-26 19:17:05 | INFO | src.validate | [validate] PASSED  — Shape: 7,043 rows × 20 cols
2026-03-26 19:17:05 | INFO | src.validate | PASSED  — No fully-NaN rows found
2026-03-26 19:17:05 | INFO | src.validate | PASSED  — Schema OK for 20 column(s) (NaN policy enforced per column)
2026-03-26 19:17:05 | INFO | src.validate | PASSED  — Target column 'Churn' present
2026-03-26 19:17:05 | INFO | src.validate | PASSED  — Target classes {np.float64(0.0), np.float64(1.0)} ⊆ allowed {0, 1}
2026-03-26 19:17:05 | INFO | src.validate | PASSED  — No negative values across 5 numeric column(s)
2026-03-26 19:17:05 | INFO | src.validate | All checks passed ✓
2026-03-26 19:17:05 | INFO | main | Saving processed data to: data/processed/clean.csv
2026-03-26 19:17:05 | INFO | main | Splitting data into Train/Test
2026-03-26 19:17:05 | INFO | main | Split sizes -> train=5634, test=1409
2026-03-26 19:17:05 | INFO | main | Building feature preprocessor (unfitted)
2026-03-26 19:17:05 | INFO | main | Training model (fit only on TRAIN split)
2026-03-26 19:17:05 | INFO | src.train | Starting model training | problem_type='classification'
2026-03-26 19:17:05 | WARNING | src.train | 'model__max_depth' not in param_grid — using default values: [3, 6]
2026-03-26 19:17:05 | WARNING | src.train | 'model__learning_rate' not in param_grid — using default values: [0.01, 0.15]
2026-03-26 19:17:05 | WARNING | src.train | 'model__n_estimators' not in param_grid — using default values: [100, 300]
2026-03-26 19:17:05 | WARNING | src.train | 'model__subsample' not in param_grid — using default values: [0.7, 0.9]
2026-03-26 19:17:05 | WARNING | src.train | 'model__colsample_bytree' not in param_grid — using default values: [0.7, 0.9]
2026-03-26 19:17:05 | WARNING | src.train | 'model__gamma' not in param_grid — using default values: [0, 0.1]
2026-03-26 19:17:30 | INFO | src.train | Best Parameters: {'model__colsample_bytree': 0.9, 'model__gamma': 0.1, 'model__learning_rate': 0.15, 'model__max_depth': 3, 'model__n_estimators': 100, 'model__subsample': 0.9}
2026-03-26 19:17:30 | INFO | src.train | Best CV F1: 0.5902
2026-03-26 19:17:30 | INFO | src.train | Logged training metrics to W&B
2026-03-26 19:17:30 | INFO | main | Saving model artifact to: models/model.joblib
2026-03-26 19:17:31 | INFO | main | Model artifact 'churn-model' uploaded to W&B with alias 'prod'
2026-03-26 19:17:31 | INFO | main | Evaluating on TEST split
2026-03-26 19:17:32 | INFO | main | Validation metric = 0.5753012048192772
2026-03-26 19:17:32 | INFO | main | Running sample inference on TEST split (first 20 rows)
2026-03-26 19:17:32 | INFO | main | Pipeline complete ✅
2026-03-26 19:17:32 | INFO | main | === PIPELINE FINISHED ===
2026-03-26 19:17:32 | INFO | main | Metric (classification): 0.5753012048192772
2026-03-26 19:17:32 | INFO | main | Saved cleaned data to: data/processed/clean.csv
2026-03-26 19:17:32 | INFO | main | Saved model to: models/model.joblib
2026-03-26 19:17:32 | INFO | main | Saved predictions to: reports/predictions.csv
2026-03-26 19:17:37 | INFO | main | W&B run finished.
2026-03-26 19:28:40 | INFO | main | Starting pipeline
2026-03-26 19:28:40 | INFO | main | Ensured directory exists: data/raw
2026-03-26 19:28:40 | INFO | main | Ensured directory exists: data/processed
2026-03-26 19:28:40 | INFO | main | Ensured directory exists: models
2026-03-26 19:28:40 | INFO | main | Ensured directory exists: reports
2026-03-26 19:28:40 | INFO | main | Ensured directory exists: logs
2026-03-26 19:28:42 | INFO | main | W&B run initialized: tough-donkey-5
2026-03-26 19:28:42 | INFO | main | Loading raw data from: data/raw/WA_Fn-UseC_-Telco-Customer-Churn.csv
2026-03-26 19:28:42 | WARNING | src.load_data | 
!!!!!!!!!!!!!!!!!!!!!!!!!!!!!!!!!!!!!!!!!!!!!!!!!!!!!!!!!!!!!!!!!!!
Reference data/raw/dataset.csv not found.
Dummy dataset created for scaffolding ONLY.
Path: data/raw/WA_Fn-UseC_-Telco-Customer-Churn.csv
Columns are hardcoded: num_feature, cat_feature, target
You MUST replace this with your real dataset and update config.yaml.
!!!!!!!!!!!!!!!!!!!!!!!!!!!!!!!!!!!!!!!!!!!!!!!!!!!!!!!!!!!!!!!!!!!

2026-03-26 19:28:42 | INFO | main | Raw shape: (7043, 21)
2026-03-26 19:28:42 | INFO | main | Cleaning data (target=Churn)
2026-03-26 19:28:42 | INFO | src.clean_data | Cleaning dataframe (baseline: identity copy)
2026-03-26 19:28:42 | INFO | src.clean_data | Dropping ID columns: ['customerID']
2026-03-26 19:28:42 | INFO | main | Clean shape: (7043, 20)
2026-03-26 19:28:42 | INFO | main | Validating required columns against schema
2026-03-26 19:28:42 | INFO | src.validate | Running data quality checks...
2026-03-26 19:28:42 | INFO | src.validate | [validate] PASSED  — Shape: 7,043 rows × 20 cols
2026-03-26 19:28:42 | INFO | src.validate | PASSED  — No fully-NaN rows found
2026-03-26 19:28:42 | INFO | src.validate | PASSED  — Schema OK for 20 column(s) (NaN policy enforced per column)
2026-03-26 19:28:42 | INFO | src.validate | PASSED  — Target column 'Churn' present
2026-03-26 19:28:42 | INFO | src.validate | PASSED  — Target classes {np.float64(0.0), np.float64(1.0)} ⊆ allowed {0, 1}
2026-03-26 19:28:42 | INFO | src.validate | PASSED  — No negative values across 5 numeric column(s)
2026-03-26 19:28:42 | INFO | src.validate | All checks passed ✓
2026-03-26 19:28:42 | INFO | main | Saving processed data to: data/processed/clean.csv
2026-03-26 19:28:42 | INFO | main | Splitting data into Train/Test
2026-03-26 19:28:42 | INFO | main | Split sizes -> train=5634, test=1409
2026-03-26 19:28:42 | INFO | main | Building feature preprocessor (unfitted)
2026-03-26 19:28:42 | INFO | main | Training model (fit only on TRAIN split)
2026-03-26 19:28:42 | INFO | src.train | Starting model training | problem_type='classification'
2026-03-26 19:28:42 | WARNING | src.train | 'model__max_depth' not in param_grid — using default values: [3, 6]
2026-03-26 19:28:42 | WARNING | src.train | 'model__learning_rate' not in param_grid — using default values: [0.01, 0.15]
2026-03-26 19:28:42 | WARNING | src.train | 'model__n_estimators' not in param_grid — using default values: [100, 300]
2026-03-26 19:28:42 | WARNING | src.train | 'model__subsample' not in param_grid — using default values: [0.7, 0.9]
2026-03-26 19:28:42 | WARNING | src.train | 'model__colsample_bytree' not in param_grid — using default values: [0.7, 0.9]
2026-03-26 19:28:42 | WARNING | src.train | 'model__gamma' not in param_grid — using default values: [0, 0.1]
2026-03-26 19:29:04 | INFO | src.train | Best Parameters: {'model__colsample_bytree': 0.9, 'model__gamma': 0.1, 'model__learning_rate': 0.15, 'model__max_depth': 3, 'model__n_estimators': 100, 'model__subsample': 0.9}
2026-03-26 19:29:04 | INFO | src.train | Best CV F1: 0.5902
2026-03-26 19:29:04 | INFO | src.train | Logged training metrics to W&B
2026-03-26 19:29:04 | INFO | main | Saving model artifact to: models/model.joblib
2026-03-26 19:29:05 | INFO | main | Model artifact 'churn-model' uploaded to W&B with alias 'prod'
2026-03-26 19:29:05 | INFO | main | Evaluating on TEST split
2026-03-26 19:29:05 | INFO | main | Validation metric = 0.5753012048192772
2026-03-26 19:29:05 | INFO | main | Running sample inference on TEST split (first 20 rows)
2026-03-26 19:29:06 | INFO | main | Pipeline complete ✅
2026-03-26 19:29:06 | INFO | main | === PIPELINE FINISHED ===
2026-03-26 19:29:06 | INFO | main | Metric (classification): 0.5753012048192772
2026-03-26 19:29:06 | INFO | main | Saved cleaned data to: data/processed/clean.csv
2026-03-26 19:29:06 | INFO | main | Saved model to: models/model.joblib
2026-03-26 19:29:06 | INFO | main | Saved predictions to: reports/predictions.csv
2026-03-26 19:29:10 | INFO | main | W&B run finished.
2026-03-26 19:41:47 | INFO | main | Starting pipeline
2026-03-26 19:41:47 | INFO | main | Ensured directory exists: data/raw
2026-03-26 19:41:47 | INFO | main | Ensured directory exists: data/processed
2026-03-26 19:41:47 | INFO | main | Ensured directory exists: models
2026-03-26 19:41:47 | INFO | main | Ensured directory exists: reports
2026-03-26 19:41:47 | INFO | main | Ensured directory exists: logs
2026-03-26 19:41:49 | INFO | main | W&B run initialized: young-sun-6
2026-03-26 19:41:49 | INFO | main | Loading raw data from: data/raw/WA_Fn-UseC_-Telco-Customer-Churn.csv
2026-03-26 19:41:49 | WARNING | src.load_data | 
!!!!!!!!!!!!!!!!!!!!!!!!!!!!!!!!!!!!!!!!!!!!!!!!!!!!!!!!!!!!!!!!!!!
Reference data/raw/dataset.csv not found.
Dummy dataset created for scaffolding ONLY.
Path: data/raw/WA_Fn-UseC_-Telco-Customer-Churn.csv
Columns are hardcoded: num_feature, cat_feature, target
You MUST replace this with your real dataset and update config.yaml.
!!!!!!!!!!!!!!!!!!!!!!!!!!!!!!!!!!!!!!!!!!!!!!!!!!!!!!!!!!!!!!!!!!!

2026-03-26 19:41:49 | INFO | main | Raw shape: (7043, 21)
2026-03-26 19:41:49 | INFO | main | Cleaning data (target=Churn)
2026-03-26 19:41:49 | INFO | src.clean_data | Cleaning dataframe (baseline: identity copy)
2026-03-26 19:41:49 | INFO | src.clean_data | Dropping ID columns: ['customerID']
2026-03-26 19:41:49 | INFO | main | Clean shape: (7043, 20)
2026-03-26 19:41:49 | INFO | main | Validating required columns against schema
2026-03-26 19:41:49 | INFO | src.validate | Running data quality checks...
2026-03-26 19:41:49 | INFO | src.validate | [validate] PASSED  — Shape: 7,043 rows × 20 cols
2026-03-26 19:41:49 | INFO | src.validate | PASSED  — No fully-NaN rows found
2026-03-26 19:41:49 | INFO | src.validate | PASSED  — Schema OK for 20 column(s) (NaN policy enforced per column)
2026-03-26 19:41:49 | INFO | src.validate | PASSED  — Target column 'Churn' present
2026-03-26 19:41:49 | INFO | src.validate | PASSED  — Target classes {np.float64(0.0), np.float64(1.0)} ⊆ allowed {0, 1}
2026-03-26 19:41:49 | INFO | src.validate | PASSED  — No negative values across 5 numeric column(s)
2026-03-26 19:41:49 | INFO | src.validate | All checks passed ✓
2026-03-26 19:41:49 | INFO | main | Saving processed data to: data/processed/clean.csv
2026-03-26 19:41:49 | INFO | main | Splitting data into Train/Test
2026-03-26 19:41:49 | INFO | main | Split sizes -> train=5634, test=1409
2026-03-26 19:41:49 | INFO | main | Building feature preprocessor (unfitted)
2026-03-26 19:41:49 | INFO | main | Training model (fit only on TRAIN split)
2026-03-26 19:41:49 | INFO | src.train | Starting model training | problem_type='classification'
2026-03-26 19:42:49 | INFO | src.train | Best Parameters: {'model__colsample_bytree': 0.7, 'model__gamma': 0, 'model__learning_rate': 0.01, 'model__max_depth': 3, 'model__n_estimators': 500, 'model__subsample': 0.7}
2026-03-26 19:42:49 | INFO | src.train | Best CV F1: 0.5914
2026-03-26 19:42:50 | INFO | src.train | Logged training metrics to W&B
2026-03-26 19:42:50 | INFO | main | Saving model artifact to: models/model.joblib
2026-03-26 19:42:51 | INFO | main | Model artifact 'churn-model_v0' uploaded to W&B with alias 'prod'
2026-03-26 19:42:51 | INFO | main | Evaluating on TEST split
2026-03-26 19:42:51 | INFO | main | Validation metric = 0.5792682926829268
2026-03-26 19:42:51 | INFO | main | Running sample inference on TEST split (first 20 rows)
2026-03-26 19:42:52 | INFO | main | Pipeline complete ✅
2026-03-26 19:42:52 | INFO | main | === PIPELINE FINISHED ===
2026-03-26 19:42:52 | INFO | main | Metric (classification): 0.5792682926829268
2026-03-26 19:42:52 | INFO | main | Saved cleaned data to: data/processed/clean.csv
2026-03-26 19:42:52 | INFO | main | Saved model to: models/model.joblib
2026-03-26 19:42:52 | INFO | main | Saved predictions to: reports/predictions.csv
2026-03-26 19:42:56 | INFO | main | W&B run finished.
